round,apply_round,client_id,class_index,class_name,count,mean_quality,pred_low,pred_high,pred_nms
1,2,0,0,person,818.0,0.7020637045862621,0.37883090648466466,0.790633137113025,0.3605659515566659
1,2,0,1,rider,9.0,0.5754937065972222,0.38476601950768746,0.8125024651010104,0.36566123533179945
1,2,0,2,car,69773.0,0.7784708956858314,0.3632235058842291,0.7652949845785958,0.35103179637085996
1,2,0,3,bus,888.0,0.7907042082365568,0.3597965281055568,0.7617419260322854,0.3505845582907674
1,2,0,4,truck,2778.0,0.7686300916239199,0.3635221477868644,0.7661991901633803,0.3514123661888769
1,2,0,5,bike,32.0,0.59527587890625,0.3852241422552427,0.8122859035834434,0.3661293402571883
1,2,0,6,motor,0.0,0.0,0.383171359208268,0.8130778388643866,0.36405999652714627
1,2,0,7,traffic light,3178.0,0.6616638606115286,0.3885228149578,0.8072171800978842,0.3702811135761554
1,2,0,8,traffic sign,18439.0,0.7482725637363401,0.3715493587821957,0.7779338850097185,0.3553806445339951
1,2,0,9,train,0.0,0.0,0.383171359208268,0.8130778388643866,0.36405999652714627
1,2,1,0,person,8743.0,0.6939640160789344,0.38054645241755525,0.7933498166674947,0.3624425755731789
1,2,1,1,rider,69.0,0.6033840013586957,0.38560837800932174,0.8124050610126575,0.36651101504069855
1,2,1,2,car,99622.0,0.7825038197609623,0.36308466142012125,0.7650808301073164,0.3509591844557753
1,2,1,3,bus,1853.0,0.7879594534201294,0.36007097777918623,0.7620156092560803,0.3506109155069372
1,2,1,4,truck,3567.0,0.7641440718522218,0.3645877566329993,0.7678347533247704,0.3519816062759471
1,2,1,5,bike,340.0,0.6170711741727943,0.3912806332224545,0.8149901793003305,0.3728043480186758
1,2,1,6,motor,0.0,0.0,0.38318435638335996,0.8131063872185359,0.3640749446570994
1,2,1,7,traffic light,10484.0,0.6490718022142372,0.3917847154623795,0.8126350013868276,0.3736756453509908
1,2,1,8,traffic sign,11967.0,0.708000435442258,0.3794541025554326,0.7914334589776321,0.361243572281906
1,2,1,9,train,0.0,0.0,0.38318435638335996,0.8131063872185359,0.3640749446570994
1,2,2,0,person,2302.0,0.7148308217887978,0.37756449104539364,0.788495992501682,0.3595117640968855
1,2,2,1,rider,30.0,0.5755891927083333,0.38512818989213854,0.81247412922676,0.36603081244156294
1,2,2,2,car,127608.0,0.7800501747554647,0.3633039241121847,0.7653394555433243,0.3510536350225711
1,2,2,3,bus,732.0,0.7844429391329405,0.35981807487319695,0.7617498512652897,0.35056664135600274
1,2,2,4,truck,1933.0,0.7793442001382243,0.36123725451936867,0.7632759000088413,0.3507422921617332
1,2,2,5,bike,293.0,0.6179105062126705,0.39128219467823655,0.8148842238033565,0.3728005288558063
1,2,2,6,motor,0.0,0.0,0.38308031262823383,0.8129314387563071,0.36390213714340036
1,2,2,7,traffic light,4340.0,0.6605332616287443,0.38897180754837013,0.807934456889584,0.3707063238259182
1,2,2,8,traffic sign,8095.0,0.7107539888868514,0.37905794897188433,0.7908437234613636,0.36076858047958726
1,2,2,9,train,0.0,0.0,0.38308031262823383,0.8129314387563071,0.36390213714340036
2,3,0,0,person,652.0,0.6949868418687691,0.38407211667083646,0.7986194426108364,0.3679003488161375
2,3,0,1,rider,13.0,0.5637563852163462,0.4012760276417726,0.8324745336036944,0.38533787122171304
2,3,0,2,car,62663.0,0.7899672599173856,0.3672041629945247,0.7715155110273756,0.3537958741167451
2,3,0,3,bus,822.0,0.7986718690598389,0.36434052317452154,0.7683345783844739,0.35251115568336844
2,3,0,4,truck,2646.0,0.7780992572810373,0.36657784736864096,0.7709328503391001,0.35355254138388065
2,3,0,5,bike,58.0,0.5952266298491379,0.4067070089616476,0.8386282575025708,0.39094320170019575
2,3,0,6,motor,0.0,0.0,0.38828720506957143,0.8202021432717096,0.3714850586043872
2,3,0,7,traffic light,2758.0,0.6550532063684056,0.3944051666440845,0.8165260132721225,0.3775899146859322
2,3,0,8,traffic sign,17776.0,0.7473667848657424,0.3745495432398678,0.7825622251423762,0.35825325360137855
2,3,0,9,train,0.0,0.0,0.38828720506957143,0.8202021432717096,0.3714850586043872
2,3,1,0,person,7067.0,0.6934335810368615,0.3837060330642866,0.7980935104571119,0.3670354075962076
2,3,1,1,rider,98.0,0.6028963050063776,0.40167723218247037,0.8326660416430928,0.3858313574635912
2,3,1,2,car,91295.0,0.7921845891388324,0.3672623511732816,0.7716098776292694,0.3538502953120626
2,3,1,3,bus,1821.0,0.7900341823688907,0.36173554492830856,0.764448513975004,0.35110978230289275
2,3,1,4,truck,3440.0,0.7665453604764716,0.36703003310877186,0.7716662015046193,0.35370201770653975
2,3,1,5,bike,432.0,0.6386776959454571,0.39727334455115276,0.822714365915837,0.38069429940463345
2,3,1,6,motor,0.0,0.0,0.38811555144041104,0.8199643189392732,0.3712425834419597
2,3,1,7,traffic light,8996.0,0.6424112241074158,0.3951805080166788,0.8185647743991749,0.3783435924187229
2,3,1,8,traffic sign,10986.0,0.7054075881733002,0.38412315895209237,0.7984202216082014,0.3680716886227419
2,3,1,9,train,0.0,0.0,0.38811555144041104,0.8199643189392732,0.3712425834419597
2,3,2,0,person,2018.0,0.7130357422842852,0.3829132349933444,0.7967244917590933,0.3666129951117183
2,3,2,1,rider,45.0,0.5734868706597223,0.4026119300719493,0.8340107895271598,0.3867623070878335
2,3,2,2,car,122620.0,0.7851335870521606,0.36670581763406784,0.7706625810379744,0.3535137763714053
2,3,2,3,bus,672.0,0.7792706444149926,0.3656961836594283,0.7700793636474926,0.3532027472872549
2,3,2,4,truck,1942.0,0.7848376100267119,0.362144777598483,0.7646599696636017,0.35111781733227815
2,3,2,5,bike,383.0,0.6287149533901761,0.39815121395978464,0.824461972021241,0.3816533302834393
2,3,2,6,motor,3.0,0.53134765625,0.4086999970145833,0.8411784185976061,0.3927268715838621
2,3,2,7,traffic light,3942.0,0.6564014204500411,0.3940770329617214,0.8160009868519262,0.37722135165812526
2,3,2,8,traffic sign,7722.0,0.7061504278057016,0.3833641493311743,0.7972774840616591,0.36701339174577935
2,3,2,9,train,0.0,0.0,0.3882490333515473,0.8201436553666893,0.37142657069936713
3,4,0,0,person,636.0,0.6959139841907429,0.38066011588510223,0.7936878200238539,0.3629878373775059
3,4,0,1,rider,18.0,0.5614705403645833,0.3970573137395463,0.8273052212095142,0.3798370724757025
3,4,0,2,car,63110.0,0.7897678729815747,0.36320926594601616,0.7653086896276754,0.35099839674137695
3,4,0,3,bus,834.0,0.8080866459176409,0.35886618755478206,0.7607789277961082,0.3504907011529878
3,4,0,4,truck,2745.0,0.7811202363672588,0.3620822030403836,0.7642021429319757,0.350809402216068
3,4,0,5,bike,51.0,0.5880016850490195,0.38859009052228893,0.817353277791955,0.3706331009150316
3,4,0,6,motor,0.0,0.0,0.38637063416091744,0.8171663751551742,0.3685285752070993
3,4,0,7,traffic light,2633.0,0.6526152347458934,0.39303817395877466,0.8144947382115154,0.37558720375570925
3,4,0,8,traffic sign,18208.0,0.7488668324448731,0.37222863265385925,0.7789654692741242,0.35556494011562
3,4,0,9,train,0.0,0.0,0.38637063416091744,0.8171663751551742,0.3685285752070993
3,4,1,0,person,7055.0,0.6931223665341514,0.3814386189801036,0.7946845238397976,0.3637199169512253
3,4,1,1,rider,117.0,0.5993527143429487,0.39175133636052334,0.8195076471842372,0.3739130785397415
3,4,1,2,car,91531.0,0.7929485953486729,0.36312353777680095,0.7652008695414105,0.3509291477403796
3,4,1,3,bus,1823.0,0.7984606819759668,0.3596343489203531,0.7616698310604816,0.35057048196344304
3,4,1,4,truck,3596.0,0.77362641025836,0.3626689073537403,0.7649186054565186,0.35104609162762385
3,4,1,5,bike,411.0,0.6260302615571776,0.39330463984347214,0.8178430758500698,0.3755693803895859
3,4,1,6,motor,1.0,0.5257080078124999,0.40383396070670413,0.8353386328812031,0.3866714272900369
3,4,1,7,traffic light,8166.0,0.6407186350751208,0.3942208043712303,0.8170381270765984,0.37692844652391
3,4,1,8,traffic sign,11047.0,0.7071655483389155,0.380162044731664,0.7925038315818361,0.3622913453633713
3,4,1,9,train,0.0,0.0,0.38630203430866167,0.8170878017271678,0.36844535094910186
3,4,2,0,person,1990.0,0.7164191195233983,0.3780114532850482,0.7891314234406296,0.36015359287160015
3,4,2,1,rider,51.0,0.5815439261642158,0.3895625451799514,0.8184084694595818,0.3716482754844223
3,4,2,2,car,121864.0,0.7864207529516126,0.36372063615781,0.7660968098298159,0.3513034447542173
3,4,2,3,bus,664.0,0.7858076716043864,0.3602674469599307,0.7624535747250047,0.3507188005601937
3,4,2,4,truck,2056.0,0.7913167396871958,0.36068675471080075,0.7627083114265764,0.3506542743659826
3,4,2,5,bike,353.0,0.6158793765492209,0.3931434824311166,0.8178980127399678,0.37535043433758625
3,4,2,6,motor,1.0,0.5484619140625,0.3884769959381085,0.8183242264710441,0.37055077443806206
3,4,2,7,traffic light,3736.0,0.6546054423493542,0.39270358208231576,0.8139933377521915,0.3751392602005388
3,4,2,8,traffic sign,7834.0,0.7062905696024541,0.3800328582363763,0.7923165207277009,0.362129726607419
3,4,2,9,train,0.0,0.0,0.38634634040290466,0.8171289354242107,0.36849113547613577
4,5,0,0,person,677.0,0.696712972846658,0.3808214159694167,0.7938698015328843,0.3633333851213362
4,5,0,1,rider,19.0,0.5624473170230263,0.3896456553935789,0.8185841056088202,0.371974699139699
4,5,0,2,car,62990.0,0.7907602718902553,0.36384330057720987,0.7662902246878142,0.35120345425093147
4,5,0,3,bus,844.0,0.8082636394771919,0.3593527760688622,0.7615003284886753,0.35053445060867944
4,5,0,4,truck,2674.0,0.7842093605378179,0.36375584220472973,0.7668486986172983,0.351523938170806
4,5,0,5,bike,53.0,0.5901040131191039,0.38907681458201687,0.818057612587571,0.3714190930523881
4,5,0,6,motor,0.0,0.0,0.3871220982979942,0.8179738188520528,0.36954246865654783
4,5,0,7,traffic light,2570.0,0.6513877637098735,0.39309382705205187,0.8150011045378065,0.37562250906321076
4,5,0,8,traffic sign,18132.0,0.7503614633098595,0.3726937123074045,0.7796358530505811,0.3560715707426864
4,5,0,9,train,0.0,0.0,0.38699700915807383,0.8178325808162853,0.36941737951662734
4,5,1,0,person,7491.0,0.6926199590550327,0.3822384668673459,0.7960035916048059,0.3648707661799662
4,5,1,1,rider,125.0,0.5997353515625,0.39096203482424646,0.818556617786999,0.3732424387304103
4,5,1,2,car,91410.0,0.7938617018810339,0.36373392169108465,0.7661383406718242,0.3511445969112225
4,5,1,3,bus,1836.0,0.8007158931823597,0.35997451240321626,0.7622249047543986,0.35059969357901366
4,5,1,4,truck,3528.0,0.7756957246603067,0.3639877937576652,0.7671093985538463,0.35161976736458933
4,5,1,5,bike,421.0,0.6324078412633609,0.3938197347305052,0.8185752956322269,0.37645187181089895
4,5,1,6,motor,6.0,0.5320556640624999,0.40707204249588685,0.8393134861232011,0.3902976015012111
4,5,1,7,traffic light,7894.0,0.6399609430669257,0.3935238534589674,0.8162795915855621,0.37604167557779195
4,5,1,8,traffic sign,11183.0,0.709464991242986,0.3802554162129643,0.7926557946292988,0.3624636563017334
4,5,1,9,train,0.0,0.0,0.38686171307181244,0.8176574777736695,0.3692369214502194
4,5,2,0,person,2164.0,0.7121458945565216,0.3813894951388385,0.7944576753570122,0.3644153382078266
4,5,2,1,rider,53.0,0.5828650132665094,0.38930677080747306,0.8181991575984165,0.37159509629225024
4,5,2,2,car,121972.0,0.7865895341326415,0.3637286778238371,0.7660752907035233,0.35112191748747784
4,5,2,3,bus,669.0,0.7872461886327541,0.3603493222732053,0.7626181154896904,0.35069823191879895
4,5,2,4,truck,1979.0,0.7957634508037519,0.363468534016592,0.7668660166040762,0.351849954073892
4,5,2,5,bike,370.0,0.6211494404560812,0.39370348609096323,0.81897426757265,0.376302248239688
4,5,2,6,motor,2.0,0.54346923828125,0.4022908050827614,0.8340652674449851,0.3855110403973074
4,5,2,7,traffic light,3638.0,0.6538113451973956,0.39268085856762935,0.8142178829827937,0.3751826900271083
4,5,2,8,traffic sign,7922.0,0.7085508358595921,0.3802708811946031,0.7926841308892962,0.36249627178767113
4,5,2,9,train,0.0,0.0,0.38692463216753287,0.8177275760346902,0.369311670541231
5,6,0,0,person,683.0,0.6999957820506955,0.38040104700149696,0.7931444615551709,0.3627058670276228
5,6,0,1,rider,21.0,0.5712355840773811,0.3896618556046696,0.8182729882530562,0.3718408752819187
5,6,0,2,car,64280.0,0.7891916317040683,0.3637777617165483,0.7661212096824203,0.35119791993523997
5,6,0,3,bus,864.0,0.8103438765914354,0.3590900325298769,0.7611927823572068,0.3505738208981653
5,6,0,4,truck,2722.0,0.7864030623593636,0.36206586896188536,0.7642950896056195,0.35084997177772065
5,6,0,5,bike,52.0,0.5945641150841345,0.38866524669941543,0.8173538351599198,0.3708375051972461
5,6,0,6,motor,0.0,0.0,0.3870112195967165,0.817520751535966,0.3691740817091638
5,6,0,7,traffic light,2578.0,0.6500090724095714,0.39283555616006377,0.8147030500353077,0.37532006169723237
5,6,0,8,traffic sign,18490.0,0.7511128996564866,0.3728480421889923,0.7798589342204827,0.3562598511632009
5,6,0,9,train,0.0,0.0,0.3866535534513771,0.8170622271809113,0.36881641556382444
5,6,1,0,person,7729.0,0.6917248963168342,0.3824615695020308,0.7965151605429921,0.36501977860866736
5,6,1,1,rider,145.0,0.6036429148706897,0.39134186131427134,0.81877079206307,0.373555100589865
5,6,1,2,car,92791.0,0.7931169911476971,0.36345092490615455,0.7656627519030437,0.3510301394131874
5,6,1,3,bus,1874.0,0.8031453624224587,0.3593646691612417,0.7614652130131452,0.3505780333450908
5,6,1,4,truck,3537.0,0.7810422768456672,0.36249721503808213,0.7647693167734606,0.3509422543111507
5,6,1,5,bike,435.0,0.6333518543462643,0.3929751215175994,0.8174092508069536,0.37538208720164784
5,6,1,6,motor,9.0,0.5441731770833333,0.3988795004573784,0.8300256347023053,0.38178630050238954
5,6,1,7,traffic light,7910.0,0.6389587417776154,0.3933170027370108,0.8161324035881478,0.3758479523624059
5,6,1,8,traffic sign,11560.0,0.7097838405094344,0.38048786004333346,0.7930692897109286,0.3628122258658162
5,6,1,9,train,0.0,0.0,0.38667285726431055,0.8171188447444829,0.368868382297405
5,6,2,0,person,2224.0,0.7120239257812501,0.38000603700262586,0.7924675820495805,0.3623677793925352
5,6,2,1,rider,67.0,0.5842842671408583,0.39226485559275376,0.8211887484703374,0.37455590373644765
5,6,2,2,car,122984.0,0.7865445064007949,0.3636208881226836,0.7658798445351858,0.35105000398792985
5,6,2,3,bus,679.0,0.7892668014773565,0.36008412005715784,0.7622563152381212,0.35066084748011533
5,6,2,4,truck,1998.0,0.8026217868258885,0.36022256710034134,0.7623910978774044,0.3506346815390671
5,6,2,5,bike,373.0,0.6247336052697721,0.3928537824949612,0.8176692509420919,0.3751719246506376
5,6,2,6,motor,3.0,0.5452799479166667,0.3969334778391194,0.8277760509095903,0.3796319268436479
5,6,2,7,traffic light,3646.0,0.652682667542341,0.39272188211896103,0.8144102512070609,0.37522336717509147
5,6,2,8,traffic sign,8101.0,0.7101653935953124,0.38039872205047703,0.7929410957207144,0.3627229621082442
5,6,2,9,train,0.0,0.0,0.38671202667253096,0.8171523417555032,0.3689065301384165
6,7,0,0,person,720.0,0.698240695529514,0.38193159036012897,0.7955394530650652,0.3649474637715435
6,7,0,1,rider,25.0,0.5724843749999999,0.3910041506240476,0.8197936076154188,0.3734411998355647
6,7,0,2,car,65671.0,0.7881530333261637,0.36400522278889463,0.7665502664156857,0.35142695101007265
6,7,0,3,bus,873.0,0.8121813587306701,0.3595776548357279,0.7619964816983976,0.3507310070098535
6,7,0,4,truck,2764.0,0.7897796056722596,0.3619906348767046,0.7644786010557594,0.3510132960893077
6,7,0,5,bike,52.0,0.5995197002704327,0.3893570632780137,0.8180973469015269,0.3718217660011634
6,7,0,6,motor,1.0,0.5439941406250001,0.4031875035126707,0.8349381089128375,0.38616562234282026
6,7,0,7,traffic light,2618.0,0.6496204816265995,0.3933930708477386,0.8157648445059483,0.3762376947546741
6,7,0,8,traffic sign,18991.0,0.7512816823594072,0.3731110343951392,0.7802725034561453,0.3567136319821314
6,7,0,9,train,0.0,0.0,0.3877708006328538,0.8183308638673541,0.37028840636893023
6,7,1,0,person,8059.0,0.6910807665294626,0.38302652046003666,0.7974441812377657,0.36594799721458066
6,7,1,1,rider,168.0,0.6045533679780506,0.3920043368142306,0.8192681496528716,0.37447549984687006
6,7,1,2,car,94533.0,0.7925146597492739,0.3639429988982301,0.7664975091663092,0.3514432040607393
6,7,1,3,bus,1949.0,0.8025551965751669,0.3600648970499926,0.7625153475295563,0.3508179792606443
6,7,1,4,truck,3547.0,0.784550819794897,0.36233863885254186,0.7648383526384582,0.35103852646543726
6,7,1,5,bike,459.0,0.637456916360294,0.39384214386857613,0.8185682943757532,0.3767973580414095
6,7,1,6,motor,13.0,0.5529822716346153,0.39822791335662977,0.8293081788896943,0.3812530604660491
6,7,1,7,traffic light,8095.0,0.6383120789742897,0.39408044349620425,0.8175010289826118,0.3771237601677269
6,7,1,8,traffic sign,11930.0,0.709571724545526,0.38144531594227943,0.7945793269902278,0.3642506674773563
6,7,1,9,train,0.0,0.0,0.38766745242036005,0.8181983067571399,0.37015119842872496
6,7,2,0,person,2341.0,0.7106025444855297,0.3813985350061295,0.7946737720942045,0.36436369210755365
6,7,2,1,rider,77.0,0.5871344231939936,0.39105155126245766,0.8193721325016364,0.37345727382209065
6,7,2,2,car,124560.0,0.7866127085701045,0.3640791672569165,0.766663564463757,0.351459957555329
6,7,2,3,bus,712.0,0.787175793594189,0.3609014671253313,0.7634117569002066,0.3509536582370005
6,7,2,4,truck,1990.0,0.8045173744700064,0.3604859739008648,0.7629373598036313,0.35075952963796403
6,7,2,5,bike,385.0,0.6314668095576299,0.39375391570413587,0.818951667965547,0.3766924878714057
6,7,2,6,motor,7.0,0.5392752511160713,0.4052182105856499,0.8374007440065335,0.38840324390536063
6,7,2,7,traffic light,3693.0,0.6529302428158,0.39299075401763606,0.8150162009045743,0.3757581141502961
6,7,2,8,traffic sign,8279.0,0.7115645483159577,0.3810071607317263,0.7939202357560117,0.3637094595504868
6,7,2,9,train,0.0,0.0,0.38771836768126966,0.8182496260097385,0.37020716851131447
7,8,0,0,person,738.0,0.6995309059535908,0.38831253662248216,0.8055590410581736,0.3748183746035186
7,8,0,1,rider,28.0,0.5715994698660714,0.3996100238917048,0.8335902463487838,0.3869740726132748
7,8,0,2,car,66345.0,0.7873141451203225,0.37313992687414843,0.7805972713571756,0.3610418999842297
7,8,0,3,bus,907.0,0.8114181905492008,0.3681255935656371,0.7753145744097346,0.35660993145766634
7,8,0,4,truck,2819.0,0.7925357403168233,0.3692765447201983,0.7764215886420275,0.3574929707520566
7,8,0,5,bike,53.0,0.5994840801886793,0.3974659409278318,0.8313671672847139,0.38478859518249403
7,8,0,6,motor,1.0,0.553369140625,0.3984546663045403,0.8335462354675277,0.3857102102710063
7,8,0,7,traffic light,2631.0,0.6482596049060482,0.39956069014126644,0.8254405380139426,0.3860438794672574
7,8,0,8,traffic sign,19197.0,0.7506637618548797,0.3795152667130896,0.7903162021335169,0.3656760874956902
7,8,0,9,train,0.0,0.0,0.39663959206422456,0.8315454598822504,0.38409230425092344
7,8,1,0,person,8247.0,0.6920631176488421,0.3897371861779027,0.8080537551794964,0.376287459825338
7,8,1,1,rider,178.0,0.6056772296348315,0.40019636284114085,0.832100746485636,0.38751355683375593
7,8,1,2,car,95553.0,0.7919456238966368,0.3728575860412085,0.7802631732501549,0.36076857514831345
7,8,1,3,bus,1990.0,0.8062655194919911,0.36782271794429905,0.7749916698724625,0.35629805194726094
7,8,1,4,truck,3634.0,0.7852684579449298,0.37091461986387136,0.7784270750494585,0.35901124250639843
7,8,1,5,bike,471.0,0.6396788125331742,0.39991526491924817,0.8278886338713992,0.3867597488554559
7,8,1,6,motor,19.0,0.5544176603618421,0.40373476074552755,0.8390501983337836,0.3905549352321441
7,8,1,7,traffic light,8143.0,0.6375309650543411,0.4000675702365481,0.8266673504651397,0.3866595862172936
7,8,1,8,traffic sign,12263.0,0.7094701577057255,0.38821469010653714,0.8051131116812819,0.3747733079616069
7,8,1,9,train,0.0,0.0,0.3966960185592922,0.831607403405897,0.3841539611145807
7,8,2,0,person,2392.0,0.7113946716920988,0.38782425190683706,0.8047419381417692,0.3742997108369475
7,8,2,1,rider,80.0,0.5897372436523437,0.39884722961929103,0.8321563568549696,0.3862337496240888
7,8,2,2,car,125332.0,0.7863923970668282,0.3731908659129843,0.7806487148827213,0.36108519099780595
7,8,2,3,bus,720.0,0.7929480997721353,0.36824479399457033,0.7753833394601579,0.35673552026294625
7,8,2,4,truck,1986.0,0.806984155199679,0.3681547421838692,0.775415343076364,0.35653640050800633
7,8,2,5,bike,393.0,0.6320559125516858,0.3998482021279754,0.8283955238762256,0.3866877830977153
7,8,2,6,motor,9.0,0.5419596354166667,0.40255389171600003,0.8377679533309372,0.38950678273826433
7,8,2,7,traffic light,3703.0,0.6521121427622031,0.3993717514746804,0.8251316826504099,0.385795145861573
7,8,2,8,traffic sign,8492.0,0.7121878467187867,0.3877710301902111,0.8043470252281512,0.3743262726640713
7,8,2,9,train,0.0,0.0,0.3966960185592922,0.831607403405897,0.3841539611145807
8,9,0,0,person,761.0,0.69951742926659,0.39034118906700116,0.8089161043960974,0.3777092253191901
8,9,0,1,rider,29.0,0.573553677262931,0.3984886224150496,0.8321875677251392,0.3858747330973335
8,9,0,2,car,66854.0,0.7857393419802854,0.3743526885788338,0.7825825669162808,0.36225749540493624
8,9,0,3,bus,931.0,0.8110529882183136,0.3689988599887342,0.7767200770763791,0.3568667496314171
8,9,0,4,truck,2821.0,0.7963258523545507,0.36954404732665674,0.7772080792175428,0.3574205635196281
8,9,0,5,bike,53.0,0.5993831994398586,0.39721661262686775,0.8307375146413349,0.3845241549995675
8,9,0,6,motor,1.0,0.564697265625,0.398351094427515,0.8333619750476625,0.38566349364667324
8,9,0,7,traffic light,2690.0,0.6480199832278113,0.3997703374038995,0.8260390884370271,0.3869820776201574
8,9,0,8,traffic sign,19669.0,0.7504200388003489,0.38205900914192714,0.7946329878445448,0.3692172719888611
8,9,0,9,train,0.0,0.0,0.39658035427239824,0.8312542946912528,0.38404722807813757
8,9,1,0,person,8413.0,0.6921414548401655,0.391884122160219,0.8116039458931281,0.3792681414286656
8,9,1,1,rider,188.0,0.6059733938663564,0.400566495862684,0.8324364269597065,0.38801358859521806
8,9,1,2,car,96183.0,0.7905545692257044,0.37378479140369886,0.7817809261697174,0.3616629364026968
8,9,1,3,bus,2027.0,0.8063076205599408,0.36895793955094797,0.7766801727553972,0.35684820990099825
8,9,1,4,truck,3642.0,0.7896957640461969,0.3702850518681114,0.7780469952242202,0.35821912560178365
8,9,1,5,bike,485.0,0.6417647088434278,0.4004864673776874,0.8285530836224301,0.3879496534294906
8,9,1,6,motor,31.0,0.556689453125,0.4048680553610046,0.8403056262327274,0.39212523976445485
8,9,1,7,traffic light,8352.0,0.6375524469719079,0.4002165203219101,0.8271010064410881,0.3874836005031075
8,9,1,8,traffic sign,12616.0,0.7094989435538205,0.39011084365121845,0.8082540026959735,0.3775703926797391
8,9,1,9,train,0.0,0.0,0.39710068093757367,0.831805202766417,0.38456755474331294
8,9,2,0,person,2472.0,0.7111926921363015,0.3894674950645401,0.8074316944208358,0.37674581398593104
8,9,2,1,rider,83.0,0.5919189453125,0.3994888372351015,0.832708592801708,0.3869106281635473
8,9,2,2,car,125722.0,0.7854770577565856,0.3742989552794392,0.7824952727822073,0.3621923331763937
8,9,2,3,bus,736.0,0.7939613673997963,0.36904280776477133,0.7767535631724177,0.3569598792919138
8,9,2,4,truck,1963.0,0.8143782038015793,0.3688615775311344,0.7765894964994725,0.3567575336450736
8,9,2,5,bike,398.0,0.6376947604232097,0.4005747089804242,0.8289432671848664,0.38791589650654407
8,9,2,6,motor,14.0,0.5446027483258928,0.4045032495693994,0.8399131024840857,0.39173747783032314
8,9,2,7,traffic light,3769.0,0.6524646025242935,0.39934215400646206,0.825099413487623,0.3864678471930663
8,9,2,8,traffic sign,8677.0,0.7132289976599414,0.38967127944705937,0.8074768507685292,0.37708282844802277
8,9,2,9,train,0.0,0.0,0.39710068093757367,0.831805202766417,0.38456755474331294
9,10,0,0,person,755.0,0.7017870770384932,0.40596651561904284,0.8328475236602081,0.40217555060383803
9,10,0,1,rider,33.0,0.5734596946022726,0.41642200771045745,0.8587833337920164,0.4127991329859553
9,10,0,2,car,68569.0,0.7837376295057261,0.391837425102283,0.8090391137592072,0.3882280489709662
9,10,0,3,bus,950.0,0.8177659590871712,0.38463080008359,0.801180413904946,0.3811058617739749
9,10,0,4,truck,2878.0,0.7942358890451269,0.3853704735502533,0.8018615505000476,0.3817553839509557
9,10,0,5,bike,54.0,0.6028365523726852,0.41508768374564675,0.8569169895243286,0.4114644232515605
9,10,0,6,motor,1.0,0.5742675781250001,0.41359066497811775,0.8568492271369027,0.4099003585528928
9,10,0,7,traffic light,2707.0,0.6459794900229728,0.41683489954050845,0.8536635009576062,0.4131826310097982
9,10,0,8,traffic sign,19934.0,0.7488254440336706,0.39960354311639557,0.8216445765695727,0.39599197876815345
9,10,0,9,train,0.0,0.0,0.4133336311037459,0.8563480342344114,0.4097117451067618
9,10,1,0,person,8525.0,0.6911245675632334,0.4084408452295845,0.8370774252095875,0.4048912092951506
9,10,1,1,rider,203.0,0.6078192349137932,0.4172368793839363,0.8580037662093698,0.41358513730645585
9,10,1,2,car,97816.0,0.7891851638415815,0.3907351987336501,0.8076519433038368,0.3870539455265483
9,10,1,3,bus,2152.0,0.8068253527786651,0.38463599236100476,0.8011287639755708,0.38105421184459964
9,10,1,4,truck,3633.0,0.7899422126599918,0.3856548378740116,0.8020810430018569,0.38196990982949797
9,10,1,5,bike,505.0,0.6433027633818069,0.4161173323140482,0.853549304088694,0.41216952444557947
9,10,1,6,motor,36.0,0.5623012966579862,0.4175765996873699,0.8603792426779489,0.4138569115631783
9,10,1,7,traffic light,8450.0,0.6353936558108357,0.4169825522633062,0.8539151779965565,0.41330863175610033
9,10,1,8,traffic sign,12861.0,0.7091192949189894,0.4067008712032472,0.8336641009479685,0.40312333876819356
9,10,1,9,train,0.0,0.0,0.41374390464267186,0.8567049754263021,0.41012201864568804
9,10,2,0,person,2504.0,0.7119998432195985,0.40551136923949826,0.831943792162884,0.40172293707049817
9,10,2,1,rider,92.0,0.5927065641983696,0.41686485097179743,0.858458237144367,0.4131849599035507
9,10,2,2,car,126778.0,0.7849406404628687,0.39179708797289536,0.8090191639781644,0.38825358134389343
9,10,2,3,bus,756.0,0.7958291997354497,0.38473525804617387,0.8012620809924127,0.3811949092013957
9,10,2,4,truck,1950.0,0.8146807141426284,0.3846819291893228,0.8011100785679958,0.38103356023459084
9,10,2,5,bike,426.0,0.6372207283414025,0.4162798740207387,0.8540596115783012,0.4123062935828255
9,10,2,6,motor,22.0,0.548031338778409,0.42038444611404385,0.8639329166789382,0.4168169166514686
9,10,2,7,traffic light,3812.0,0.6508626899839324,0.4163828067886453,0.8526137340141783,0.4126146339649928
9,10,2,8,traffic sign,8925.0,0.7126572347689075,0.40615455482630264,0.8327471956796497,0.40250974620365393
9,10,2,9,train,0.0,0.0,0.4137954850984816,0.8567538380638448,0.4101751977704792
10,11,0,0,person,785.0,0.7018080090565287,0.4092165551228481,0.8374333716354622,0.4072939875795621
10,11,0,1,rider,30.0,0.5810017903645833,0.41972725456034504,0.864006481572416,0.4183634331324971
10,11,0,2,car,68690.0,0.7828813367091965,0.39605803589738686,0.8152046468599204,0.39442486767473905
10,11,0,3,bus,976.0,0.8136493870469389,0.38765218269693724,0.8060583816297985,0.38604121002541086
10,11,0,4,truck,2917.0,0.7963342665972104,0.3883541104714862,0.8068154740035852,0.38678032107391425
10,11,0,5,bike,52.0,0.6018784743088943,0.419389077685479,0.8634479059576073,0.4178797775277816
10,11,0,6,motor,2.0,0.5562744140625,0.42569222167001913,0.8722600680912951,0.4244608789184419
10,11,0,7,traffic light,2612.0,0.6446704251112653,0.4217198889684808,0.8612567210857808,0.4201926729897174
10,11,0,8,traffic sign,20494.0,0.7467654500250073,0.4034787132899114,0.8272707753609699,0.4016608449564178
10,11,0,9,train,0.0,0.0,0.4192307469785239,0.8639901802315791,0.417659500426725
10,11,1,0,person,8747.0,0.6903987254335416,0.4106709361827727,0.84026491728747,0.408585736541631
10,11,1,1,rider,202.0,0.6110786664603962,0.4208513453413986,0.8635502314875034,0.41927190801411407
10,11,1,2,car,98326.0,0.7883536884497268,0.39528771911785104,0.8141479436667532,0.39356224698275305
10,11,1,3,bus,2121.0,0.8114328372708925,0.38824567089782547,0.8068953687101902,0.38688711453966307
10,11,1,4,truck,3742.0,0.7910251374807924,0.38966252865178513,0.8084557886269232,0.3884206356972523
10,11,1,5,bike,503.0,0.6462672208933896,0.4202689117175972,0.8596400085865676,0.41848596870183746
10,11,1,6,motor,44.0,0.5670016202059659,0.42282713634208485,0.8684908624237456,0.4211510384727182
10,11,1,7,traffic light,8176.0,0.6343861171177456,0.42170067852088183,0.8615088959173214,0.4200818957928954
10,11,1,8,traffic sign,13388.0,0.7074831946344206,0.40949984000857836,0.8377857241404568,0.40765086558007674
10,11,1,9,train,0.0,0.0,0.419302292128245,0.8641548626191248,0.41773104557644625
10,11,2,0,person,2590.0,0.7121768200259411,0.4083201106474445,0.8359825207595838,0.40618032313951663
10,11,2,1,rider,98.0,0.5891220404177295,0.42127243920442453,0.865252743323004,0.4199004973799015
10,11,2,2,car,126892.0,0.7848905803554277,0.3958461513665594,0.8149230834978347,0.3941983438347736
10,11,2,3,bus,772.0,0.7968763282261982,0.38768245442102084,0.8060893832911732,0.386081129120646
10,11,2,4,truck,1993.0,0.8145204137332226,0.38816169604235884,0.8067189895892729,0.3866914724132156
10,11,2,5,bike,425.0,0.6398725298713236,0.42048712019051865,0.8608744094915061,0.4187712895879534
10,11,2,6,motor,33.0,0.5515181107954545,0.424774369246713,0.8708764480534766,0.42307580571967285
10,11,2,7,traffic light,3728.0,0.6493785743549659,0.42106846746739407,0.8601380486586768,0.419280100753401
10,11,2,8,traffic sign,9219.0,0.7124890257213363,0.40830567977417204,0.8357730838866421,0.40622393562768583
10,11,2,9,train,0.0,0.0,0.4193401728431478,0.8641613954481165,0.41777052496033046
11,12,0,0,person,792.0,0.7042002051767676,0.40634368692692074,0.8330961903300141,0.40287768503417776
11,12,0,1,rider,37.0,0.5774110536317567,0.4172675712853005,0.8598439095292982,0.41340308480076865
11,12,0,2,car,70345.0,0.7807171431732666,0.3923971245539466,0.8096136706724334,0.3889899567653266
11,12,0,3,bus,976.0,0.815520739946209,0.3834664571207,0.7998319867725953,0.3798283071124328
11,12,0,4,truck,2963.0,0.7966783609174614,0.3846824087550414,0.8010208686701183,0.38099792600442567
11,12,0,5,bike,55.0,0.6028280362215911,0.41495940307865015,0.8561912818129515,0.41104772772471154
11,12,0,6,motor,4.0,0.5505798339843749,0.4214010138787497,0.8660185900441034,0.41803809126606145
11,12,0,7,traffic light,2753.0,0.643927593903242,0.41714160346425583,0.8542173172029549,0.4134510952780472
11,12,0,8,traffic sign,20715.0,0.7459766744640809,0.40121267519452086,0.8238025094939916,0.3979303515314414
11,12,0,9,train,0.0,0.0,0.41475301895915256,0.8573231098719666,0.4108427409874171
11,12,1,0,person,8949.0,0.6905683366769333,0.4087260713895992,0.8373796878714495,0.40533880489864044
11,12,1,1,rider,214.0,0.6161397488317757,0.41680717531530087,0.8568026565591235,0.4130806588415985
11,12,1,2,car,99627.0,0.7870021339263421,0.39203064815373234,0.8091456227571622,0.38860116002161044
11,12,1,3,bus,2237.0,0.8094169742889472,0.3850901101675947,0.8017584905941418,0.38174589350011945
11,12,1,4,truck,3710.0,0.7922702380074966,0.3849216850922721,0.8012237415972923,0.38119136548843396
11,12,1,5,bike,529.0,0.6484490378367203,0.41600464119207464,0.8528277153665003,0.41219818696394656
11,12,1,6,motor,53.0,0.5728768978478773,0.4184747126403605,0.861862644446037,0.4147116447479609
11,12,1,7,traffic light,8670.0,0.6339119043757209,0.41718355165447574,0.8545828896977935,0.41347710696986967
11,12,1,8,traffic sign,13376.0,0.7067297611510355,0.40654257908563607,0.8331472013072495,0.4030438989878516
11,12,1,9,train,0.0,0.0,0.4146538992166571,0.857190113300273,0.4107168584244088
11,12,2,0,person,2666.0,0.7129491143537838,0.4060327242850397,0.832516637834941,0.4026475964760161
11,12,2,1,rider,106.0,0.5941631964917453,0.4159930670418923,0.8568618202616213,0.41213092406022156
11,12,2,2,car,127990.0,0.7840192885018483,0.3923326046562432,0.8095563650356795,0.3889818449777423
11,12,2,3,bus,785.0,0.7990719857185511,0.3833656947332252,0.7996081445791242,0.37960446491896166
11,12,2,4,truck,1971.0,0.8171234858574329,0.3833275849610769,0.7995368784978584,0.3795228532660262
11,12,2,5,bike,447.0,0.6431735113429811,0.4164963011498503,0.854222353516625,0.412747968219809
11,12,2,6,motor,40.0,0.5599176025390624,0.41848563531416266,0.8620332990384014,0.41470866885071606
11,12,2,7,traffic light,3862.0,0.6497149775152931,0.4169823243429826,0.853860660215651,0.41334127038354157
11,12,2,8,traffic sign,9203.0,0.7120054819292961,0.40623598192318927,0.832631741000566,0.4028110518723775
11,12,2,9,train,0.0,0.0,0.41476188693114785,0.8573386431244935,0.4108532076283939
12,13,0,0,person,789.0,0.702485623861296,0.4320287902922613,0.8729280514877175,0.44188240531941236
12,13,0,1,rider,33.0,0.5783032966382576,0.43975222965735344,0.8962790528813844,0.4498799996685598
12,13,0,2,car,70391.0,0.7791992204841751,0.4169435272568849,0.8478554855965331,0.4263624480339236
12,13,0,3,bus,963.0,0.8156142000097353,0.4092546749875748,0.8391101290801449,0.4189363936403772
12,13,0,4,truck,3060.0,0.7934535686019197,0.41114146905308063,0.8409982244590811,0.42077335243139236
12,13,0,5,bike,50.0,0.6093637695312499,0.43916396674395325,0.894982737133502,0.4494434050752653
12,13,0,6,motor,5.0,0.5481103515625,0.44050948060319367,0.8979063031579715,0.4505629129821251
12,13,0,7,traffic light,2584.0,0.6424589930673135,0.4425203779711979,0.8916114993109338,0.45270101631353293
12,13,0,8,traffic sign,20794.0,0.7438257629623479,0.4258665790736575,0.8620506468092214,0.43574030547620485
12,13,0,9,train,0.0,0.0,0.43879024615813994,0.8962952865795825,0.4490283192309645
12,13,1,0,person,8500.0,0.6903098201976103,0.43487923633705644,0.8773458637787063,0.444781820455773
12,13,1,1,rider,204.0,0.6164179783241421,0.4420599636652378,0.8958261348746971,0.45224994827906767
12,13,1,2,car,99239.0,0.7866642793258259,0.4157018354935704,0.8460385774064133,0.4251823794154324
12,13,1,3,bus,2114.0,0.8151586151844845,0.4079427657299283,0.8371676048161413,0.4170302506563875
12,13,1,4,truck,3848.0,0.7916063146135167,0.41095840254447763,0.8406344873239906,0.42044068209056845
12,13,1,5,bike,524.0,0.6484615413287215,0.4410590506317753,0.8911170748612132,0.4510822656685613
12,13,1,6,motor,54.0,0.5775431315104166,0.44124158285529763,0.8986652059284518,0.4514684025799078
12,13,1,7,traffic light,7923.0,0.6326402642277625,0.442453483315431,0.8919053399633828,0.4526754869162537
12,13,1,8,traffic sign,13627.0,0.7048390725042655,0.431532286181312,0.8717672954990109,0.44114801517634955
12,13,1,9,train,0.0,0.0,0.439248156963135,0.8968692456465144,0.4494862300359594
12,13,2,0,person,2660.0,0.7114887805451128,0.4308244037032693,0.8706985975008704,0.4406787032542297
12,13,2,1,rider,108.0,0.5887839988425925,0.44190416206678634,0.8972738480158263,0.45191898374796646
12,13,2,2,car,127195.0,0.7844022918488838,0.41618012956689077,0.8467542441408255,0.4257689623342389
12,13,2,3,bus,765.0,0.799007448682598,0.40910482200886805,0.8388867908716158,0.4187264701321565
12,13,2,4,truck,2026.0,0.8119472612868645,0.40962013591722873,0.8394212390820055,0.4192128287714379
12,13,2,5,bike,449.0,0.6445789906389199,0.4409112625207159,0.8912605065996817,0.45089018589083524
12,13,2,6,motor,40.0,0.5618328857421876,0.4412735511072721,0.8989044104983345,0.45154379531104905
12,13,2,7,traffic light,3687.0,0.6479901008823229,0.4423027486009219,0.8910007391624014,0.45261513848646673
12,13,2,8,traffic sign,9360.0,0.7117163946689704,0.42985817873416393,0.8690328671190595,0.43906333727856145
12,13,2,9,train,0.0,0.0,0.439248156963135,0.8968692456465144,0.4494862300359594
13,14,0,0,person,810.0,0.7026639359085646,0.415082918668509,0.8467465472049872,0.4153928719797721
13,14,0,1,rider,38.0,0.577710603412829,0.4220804983284326,0.8684099614138879,0.42226032338538416
13,14,0,2,car,71730.0,0.7772762667130646,0.4000879680096974,0.8219561617848049,0.40051735340313827
13,14,0,3,bus,992.0,0.8168923162644909,0.3918177905936304,0.8122470907492564,0.3920910065468755
13,14,0,4,truck,3054.0,0.7951805489470777,0.39300933918690156,0.8134969047534585,0.3933797728154111
13,14,0,5,bike,49.0,0.6066346460459185,0.4215624654848203,0.8680500401521566,0.42203675103835453
13,14,0,6,motor,5.0,0.5605029296875,0.4208405805010155,0.8687042692659199,0.42107645284632667
13,14,0,7,traffic light,2599.0,0.6408859270542758,0.423524514426228,0.862368945630306,0.42392259877869115
13,14,0,8,traffic sign,21236.0,0.7425655362834631,0.40856297582961165,0.8354018925004455,0.4088373063574902
13,14,0,9,train,0.0,0.0,0.4203289410921481,0.8682080725675969,0.42066938685015764
13,14,1,0,person,8760.0,0.6901510355352812,0.417661235507996,0.851220720517369,0.41814675925576705
13,14,1,1,rider,219.0,0.618445214397831,0.4235338791085959,0.8665083428443211,0.42368642799528017
13,14,1,2,car,100340.0,0.7856668856649115,0.3984586897885187,0.8196494398941923,0.3989232345838281
13,14,1,3,bus,2255.0,0.8104474107019125,0.39267348721632,0.8133891487373665,0.3932271614383369
13,14,1,4,truck,3868.0,0.7932634166255976,0.3934075497529497,0.8139013610386102,0.39379384709673704
13,14,1,5,bike,509.0,0.6520523161222985,0.4226792580359849,0.8622565548856994,0.42312418640316524
13,14,1,6,motor,61.0,0.5847448130122951,0.4223175683857688,0.8686116444398913,0.4223385477040003
13,14,1,7,traffic light,8039.0,0.6320044944469929,0.42324490004816945,0.8622055650680407,0.4234068149916592
13,14,1,8,traffic sign,14184.0,0.7035161189957655,0.415187367403868,0.846562968108552,0.41572333486157503
13,14,1,9,train,0.0,0.0,0.4202975767144621,0.8680517486938325,0.4205677549827596
13,14,2,0,person,2817.0,0.7100521804002484,0.4147487418272091,0.8459580078541419,0.41526051533650343
13,14,2,1,rider,112.0,0.5935346330915178,0.4228250914306048,0.8683536061646996,0.4230199291363658
13,14,2,2,car,127811.0,0.7851837090630894,0.3995127207077252,0.8212496380352571,0.4003260590608222
13,14,2,3,bus,800.0,0.8008196105957032,0.39172946090646105,0.8121865824018729,0.3919820212194119
13,14,2,4,truck,2021.0,0.8121091937971608,0.39284063979130984,0.8135566142105001,0.3934395760317626
13,14,2,5,bike,439.0,0.646134681093394,0.42314407487522315,0.8633053414904234,0.423566103569417
13,14,2,6,motor,46.0,0.5701914911684783,0.4225006263855257,0.8691175322462851,0.422635297672636
13,14,2,7,traffic light,3764.0,0.6473319918138948,0.42294765412763885,0.8612543466650648,0.42303681379849484
13,14,2,8,traffic sign,9780.0,0.7101755940255944,0.4150118127900027,0.8462451374846341,0.4157111318148026
13,14,2,9,train,0.0,0.0,0.42043024287119807,0.8682948192912886,0.42077068862920747
14,15,0,0,person,810.0,0.6999121997974538,0.4163782733376959,0.8487704017863749,0.4172437980870696
14,15,0,1,rider,34.0,0.5797894646139705,0.42161370657208197,0.8684408009328711,0.4219803018147697
14,15,0,2,car,72161.0,0.7768506959616561,0.4011111772881179,0.8235586195870792,0.40193331276423055
14,15,0,3,bus,1027.0,0.813988687279394,0.3926937720884951,0.8134272605944833,0.393251012572086
14,15,0,4,truck,3110.0,0.7968745760902329,0.39295816474595074,0.813531459446687,0.39341316682684124
14,15,0,5,bike,51.0,0.6033035577512256,0.4217932890541484,0.8680090896036856,0.42216037222673025
14,15,0,6,motor,7.0,0.5655168805803572,0.4214588281172655,0.8689336240983826,0.4215934994043758
14,15,0,7,traffic light,2486.0,0.6398305216242207,0.4254191033549885,0.8655053792851359,0.42676930188250933
14,15,0,8,traffic sign,20885.0,0.7408578237689282,0.410070895378203,0.8377762161305583,0.4110696387644464
14,15,0,9,train,0.0,0.0,0.4203289410921481,0.8682080725675969,0.42066938685015764
14,15,1,0,person,8586.0,0.6869597428999608,0.41851249122043205,0.8526099632751595,0.41927779337555976
14,15,1,1,rider,214.0,0.6158427871276285,0.42312607434002225,0.8667171706695701,0.42358775769507734
14,15,1,2,car,101097.0,0.7850869076581464,0.3990917324944077,0.8206041377504182,0.3997935429147172
14,15,1,3,bus,2304.0,0.8098701688978407,0.3929189202467834,0.8136875269130056,0.3935239920382448
14,15,1,4,truck,3971.0,0.7912007870046115,0.3954405813205883,0.8165738669551718,0.39637445230186436
14,15,1,5,bike,513.0,0.652148485090765,0.4223257518200984,0.8617142876675444,0.4226698902567232
14,15,1,6,motor,61.0,0.5851838659067622,0.42197219099179106,0.868892219421599,0.4223496923007631
14,15,1,7,traffic light,7537.0,0.6312477973248639,0.42491265611724877,0.8647763640956012,0.42595549514116876
14,15,1,8,traffic sign,14060.0,0.7026094604318546,0.4157582870550884,0.8476104995458802,0.4162889593739063
14,15,1,9,train,0.0,0.0,0.4202975767144621,0.8680517486938325,0.4205677549827596
14,15,2,0,person,2867.0,0.7056608265935647,0.41557628078001857,0.8472899928177177,0.4163635056782018
14,15,2,1,rider,112.0,0.5899248395647322,0.42233331267358576,0.8685187668294838,0.4228628227503785
14,15,2,2,car,127831.0,0.7852801805261317,0.3996795715036037,0.821506944869698,0.4005836911067007
14,15,2,3,bus,825.0,0.8008735499526516,0.3927930829695921,0.8135302650974942,0.3933014777087222
14,15,2,4,truck,2064.0,0.8103002385575642,0.3930281693245752,0.813853888841483,0.3937090566232291
14,15,2,5,bike,452.0,0.6446095694482853,0.42281691414254086,0.862882256154139,0.42314952691411567
14,15,2,6,motor,51.0,0.5706576478247549,0.42259744495505086,0.8697667833171056,0.4230886382329016
14,15,2,7,traffic light,3613.0,0.6459288182431498,0.4245311530598586,0.8637348040170506,0.4255391984124521
14,15,2,8,traffic sign,9586.0,0.7098580882316985,0.4150796413256679,0.8465259382865948,0.41555077048477784
14,15,2,9,train,0.0,0.0,0.42043024287119807,0.8682948192912886,0.42077068862920747
