round,apply_round,client_id,class_index,class_name,target_low,target_high,target_nms,cv_pred_low,fixed_low,rule_low,cv_pred_high,fixed_high,rule_high,cv_pred_nms,fixed_nms,rule_nms
1,2,0,0,person,0.37486501116957177,0.7854926878168997,0.35486501116957175,0.38352629470673466,0.35,0.4083490363309903,0.7978391910598949,0.75,0.8083490363309903,0.3674410864723849,0.35,0.38834903633099027
1,2,0,1,rider,0.3806745808251309,0.8085618026527825,0.3606745808251309,0.3985087907192437,0.35,0.36179999999999995,0.8297275851333458,0.75,0.7618,0.3830273294880506,0.35,0.35
1,2,0,2,car,0.3631702355316637,0.7633787497563231,0.35,0.3687553068531791,0.35,0.35,0.7739074942608072,0.75,0.75,0.35489446414828607,0.35,0.35
1,2,0,3,bus,0.3554584733136468,0.7554584733136469,0.35,0.36541281972710865,0.35,0.35,0.7698984370590384,0.75,0.75,0.3528987622522107,0.35,0.35
1,2,0,4,truck,0.36162629411302805,0.7631767361643117,0.35,0.3691153945193238,0.35,0.35509592670086404,0.7752428019507095,0.75,0.7550959267008641,0.35532147086990334,0.35,0.35
1,2,0,5,bike,0.3793155555215688,0.8045052083979893,0.3593155555215688,0.3983766014457511,0.35,0.36639999999999995,0.8293433716042699,0.75,0.7664,0.3829452022563066,0.35,0.35
1,2,0,6,motor,0.38079999999999997,0.8108,0.36079999999999995,0.39143727417649193,0.35,0.36,0.8249939225490849,0.75,0.76,0.3762909359535118,0.35,0.35
1,2,0,7,traffic light,0.3853136066075172,0.8014503528877633,0.36531360660751716,0.3952503424170571,0.35,0.41,0.8180539702691821,0.75,0.81,0.37924086875402563,0.35,0.38999999999999996
1,2,0,8,traffic sign,0.3682825802194638,0.772609048800872,0.35,0.3747239366940252,0.35,0.3713819490109279,0.7828741374340312,0.75,0.7713819490109279,0.35934578752613183,0.35,0.3513819490109279
1,2,0,9,train,0.38079999999999997,0.8108,0.36079999999999995,0.39140110021815855,0.35,0.36,0.8249381739379739,0.75,0.76,0.37623518734240075,0.35,0.35
1,2,1,0,person,0.37905927504543807,0.790791454671038,0.35905927504543805,0.3855833763666808,0.35,0.41,0.8011543345957688,0.75,0.81,0.3698207913536537,0.35,0.38999999999999996
1,2,1,1,rider,0.3808555662934199,0.8049395661081432,0.36085556629341986,0.3989267236925825,0.35,0.37379999999999997,0.8298725128611779,0.75,0.7738,0.38377336763038694,0.35,0.35379999999999995
1,2,1,2,car,0.3622964192630865,0.7622964192630866,0.35,0.368711758440537,0.35,0.35,0.7737740305173978,0.75,0.75,0.35521824042118694,0.35,0.35
1,2,1,3,bus,0.35664892692221994,0.75664892692222,0.35,0.3664937535908484,0.35,0.35,0.7714290240686318,0.75,0.75,0.353899050152219,0.35,0.35
1,2,1,4,truck,0.36261908463813897,0.7647812566582906,0.35,0.37113111148803113,0.35,0.3586847425182226,0.7783651431633767,0.75,0.7586847425182226,0.3571432104812509,0.35,0.35
1,2,1,5,bike,0.39235426804545187,0.8145718352037071,0.37235426804545185,0.39895960934756663,0.35,0.41,0.8263151824353749,0.75,0.81,0.38360923747118997,0.35,0.38999999999999996
1,2,1,6,motor,0.38079999999999997,0.8108,0.36079999999999995,0.39210888219740747,0.35,0.36,0.825904679284431,0.75,0.76,0.3772808813138393,0.35,0.35
1,2,1,7,traffic light,0.3891382511674401,0.8069920963200441,0.3691382511674401,0.39745300717594856,0.35,0.41,0.8218665373916917,0.75,0.81,0.3817899861107396,0.35,0.38999999999999996
1,2,1,8,traffic sign,0.3763216234005892,0.7861397458402812,0.3563216234005892,0.3840398253821231,0.35,0.4035996516461936,0.7984524912244207,0.75,0.8035996516461936,0.3682083648181614,0.35,0.3835996516461936
1,2,1,9,train,0.38079999999999997,0.8108,0.36079999999999995,0.39198627678208237,0.35,0.36,0.8256934167870916,0.75,0.76,0.3771387012457364,0.35,0.35
1,2,2,0,person,0.3729344921302893,0.7818211982499987,0.35293449213028927,0.38187231038239483,0.35,0.39813534256896177,0.7951691262699532,0.75,0.7981353425689618,0.36566859078237446,0.35,0.37813534256896175
1,2,2,1,rider,0.3832957394775173,0.8111699404718354,0.3632957394775173,0.3986562874678837,0.35,0.366,0.8298799449330682,0.75,0.766,0.3832900967117789,0.35,0.35
1,2,2,2,car,0.36304452894580874,0.7630445289458088,0.35,0.3688952050052465,0.35,0.35,0.7739311191273434,0.75,0.75,0.3550026092373004,0.35,0.35
1,2,2,3,bus,0.3563485282399475,0.7563485282399476,0.35,0.36616953485504805,0.35,0.35,0.770974724212114,0.75,0.75,0.3533018059279704,0.35,0.35
1,2,2,4,truck,0.3585476350286121,0.7586370622824906,0.35,0.36611439495336257,0.35,0.35,0.7706425582525956,0.75,0.75,0.35310035248893223,0.35,0.35
1,2,2,5,bike,0.39197117003902804,0.8140742828282094,0.371971170039028,0.3983283344404636,0.35,0.41,0.8253591264078158,0.75,0.81,0.38264605288603776,0.35,0.38999999999999996
1,2,2,6,motor,0.38079999999999997,0.8108,0.36079999999999995,0.3915619327822839,0.35,0.36,0.8251650221270991,0.75,0.76,0.3764620355315261,0.35,0.35
1,2,2,7,traffic light,0.3855838776229363,0.8018747964917439,0.36558387762293626,0.39529079778806214,0.35,0.41,0.8181236180256053,0.75,0.81,0.3792534320971126,0.35,0.38999999999999996
1,2,2,8,traffic sign,0.375227439140054,0.7846700770191197,0.355227439140054,0.38313979517158403,0.35,0.4013968088905189,0.7970469061914597,0.75,0.8013968088905189,0.36695928090941604,0.35,0.38139680889051886
1,2,2,9,train,0.38079999999999997,0.8108,0.36079999999999995,0.3915257588239505,0.35,0.36,0.8251092735159881,0.75,0.76,0.376406286920415,0.35,0.35
2,3,0,0,person,0.38912207242893315,0.8064314424771316,0.3748387390956,0.3780192153466708,0.35,0.43061529407623944,0.7896008901231893,0.75,0.8356152940762395,0.35893103585155633,0.35,0.4106152940762394
2,3,0,1,rider,0.4068770412116244,0.8420814735306078,0.39259370787829123,0.38934593743187657,0.35,0.40382671208736365,0.8171126373622432,0.75,0.8088267120873637,0.37032531886885084,0.35,0.38382671208736363
2,3,0,2,car,0.3711857671526386,0.7769024338193056,0.3569024338193055,0.36285446802175153,0.35,0.35,0.7641382778025324,0.75,0.7530261920660916,0.3501289458273904,0.35,0.35
2,3,0,3,bus,0.36424442944134827,0.7699610961080152,0.35,0.35592083527448987,0.35,0.35,0.7569772652194371,0.75,0.75,0.3500058152460503,0.35,0.35
2,3,0,4,truck,0.37012568740608837,0.7761015462617048,0.3558423540727552,0.36183732775929683,0.35,0.3575205941751701,0.7635098745936629,0.75,0.7625205941751702,0.35013351895350825,0.35,0.35
2,3,0,5,bike,0.40954176347004045,0.8404547987936432,0.3952584301367073,0.39360086661085725,0.35,0.4066437199827866,0.8219034514516744,0.75,0.8116437199827866,0.37489416743356935,0.35,0.38664371998278657
2,3,0,6,motor,0.3913644000000004,0.8270810666666674,0.37708106666666724,0.38248228751908525,0.35,0.37,0.812340571675182,0.75,0.775,0.36301644904353925,0.35,0.35
2,3,0,7,traffic light,0.39942541150791355,0.8221802773061616,0.3851420781745804,0.38886831128507365,0.35,0.4299159813646845,0.808226248045512,0.75,0.8349159813646846,0.36978057950999377,0.35,0.4099159813646845
2,3,0,8,traffic sign,0.3793951637062134,0.7895618142548245,0.36511183037288025,0.3708276102144851,0.35,0.3834652404133027,0.7767186645316156,0.75,0.7884652404133027,0.35306373301309596,0.35,0.3634652404133027
2,3,0,9,train,0.3913644000000004,0.8270810666666674,0.37708106666666724,0.38249389633852976,0.35,0.37,0.8123584623233301,0.75,0.775,0.36303433969168736,0.35,0.35
2,3,1,0,person,0.3897588759739133,0.8072800543173719,0.37547554264058014,0.3791982049818583,0.35,0.4207956525631094,0.7913384009793124,0.75,0.8257956525631095,0.3601190982582246,0.35,0.4007956525631094
2,3,1,1,rider,0.403004981653042,0.8328721521824757,0.38872164831970885,0.3901717304245628,0.35,0.4031090842419266,0.8173139923201521,0.75,0.8081090842419266,0.37116475352982126,0.35,0.3831090842419266
2,3,1,2,car,0.3707379869890389,0.7764546536557059,0.3564546536557058,0.3627301645827492,0.35,0.35,0.7639518539879528,0.75,0.7512523286889341,0.3501030035234208,0.35,0.35
2,3,1,3,bus,0.3668060558645833,0.7725227225312502,0.35252272253125017,0.3569379560708934,0.35,0.35,0.7579604524270803,0.75,0.7529726541048875,0.3500058152460503,0.35,0.35
2,3,1,4,truck,0.37268915858277074,0.7802405488208279,0.3584058252494376,0.36286174382165165,0.35,0.3667637116188227,0.7647850656920633,0.75,0.7717637116188227,0.35038179913584305,0.35,0.35
2,3,1,5,bike,0.4035401190705944,0.8285280090174263,0.38925678573726125,0.39178408912756507,0.35,0.4272084895414789,0.8150801939194025,0.75,0.8322084895414789,0.373006717824955,0.35,0.40720848954147887
2,3,1,6,motor,0.3913644000000004,0.8270810666666674,0.37708106666666724,0.38243150540882564,0.35,0.37,0.812172276112911,0.75,0.775,0.36293663892042577,0.35,0.35
2,3,1,7,traffic light,0.40327831676681325,0.8277570892370144,0.3889949834334801,0.39078783308728154,0.35,0.4299908671602321,0.8116585977929133,0.75,0.8349908671602321,0.37173954318875096,0.35,0.4099908671602321
2,3,1,8,traffic sign,0.3883016452618005,0.8041900044502902,0.37401831192846735,0.3780053958109908,0.35,0.41956320036479655,0.7892190077634185,0.75,0.8245632003647966,0.35889023483164756,0.35,0.39956320036479653
2,3,1,9,train,0.3913644000000004,0.8270810666666674,0.37708106666666724,0.3824431142282701,0.35,0.37,0.812190166761059,0.75,0.775,0.3629545295685739,0.35,0.35
2,3,2,0,person,0.3843700453254674,0.7992182016806408,0.3700867119921343,0.37685196122883236,0.35,0.4122640254293406,0.7876706824787009,0.75,0.8172640254293406,0.35776395985534176,0.35,0.3922640254293406
2,3,2,1,rider,0.40706267732543444,0.8409402252657756,0.3927793439921013,0.39048107590686315,0.35,0.39766122948810856,0.8184513439146972,0.75,0.8026612294881086,0.3715564696853962,0.35,0.37766122948810854
2,3,2,2,car,0.372492503200231,0.7782091698668979,0.3582091698668978,0.36292660631123935,0.35,0.3518931303582715,0.7641707182015631,0.75,0.7568931303582715,0.35015865551440645,0.35,0.35
2,3,2,3,bus,0.36968853270899554,0.7755046569554361,0.3554051993756624,0.35760968423963563,0.35,0.36434192654492775,0.7587755155339035,0.75,0.7693419265449278,0.350127240261735,0.35,0.35
2,3,2,4,truck,0.36793849882822466,0.7736551654948917,0.3536551654948915,0.3588872391840383,0.35,0.35212991197863047,0.7601265983725374,0.75,0.7571299119786304,0.3500433933533145,0.35,0.35
2,3,2,5,bike,0.40652431520530813,0.8328707609551328,0.392240981871975,0.39193701402444653,0.35,0.4286276100179627,0.8158795298868756,0.75,0.8336276100179627,0.37300367076512164,0.35,0.40862761001796266
2,3,2,6,motor,0.41952051373466964,0.8552371804013367,0.4052371804013365,0.3985580925042142,0.35,0.41059999999999997,0.829079128068478,0.75,0.8156,0.3800445495738994,0.35,0.39059999999999995
2,3,2,7,traffic light,0.3983466526181322,0.8209176710416117,0.38406331928479903,0.3887348606754237,0.35,0.4261977617680547,0.8078608840392301,0.75,0.8311977617680547,0.3696286237019237,0.35,0.40619776176805467
2,3,2,8,traffic sign,0.3883067195027874,0.8040937823777677,0.37402338616945424,0.3776920495724703,0.35,0.42198499937716344,0.7887728230988563,0.75,0.8269849993771635,0.35856916898044594,0.35,0.4019849993771634
2,3,2,9,train,0.3913644000000004,0.8270810666666674,0.37708106666666724,0.38253485729473385,0.35,0.37,0.8123027016883312,0.75,0.775,0.36306662233597325,0.35,0.35
3,4,0,0,person,0.37658381206515507,0.7883750869482357,0.3569088120651551,0.3819150309939581,0.35,0.43,0.79571790667034,0.75,0.8400000000000001,0.36479805018808903,0.35,0.41
3,4,0,1,rider,0.3939061374595083,0.8240306092279742,0.3742311374595083,0.3985245650783253,0.35,0.39853437830915944,0.8294630418376178,0.75,0.8085343783091594,0.3823045858445233,0.35,0.3785343783091594
3,4,0,2,car,0.36132901527114736,0.7616540152711474,0.35,0.36490091588372114,0.35,0.3584847820184566,0.7677460877988783,0.75,0.7684847820184566,0.3516069808908799,0.35,0.35
3,4,0,3,bus,0.3522195612387021,0.7525445612387022,0.35,0.3602345647114252,0.35,0.35,0.7630083648502229,0.75,0.7535306832658873,0.3508114065064794,0.35,0.35
3,4,0,4,truck,0.3595320893155782,0.7598570893155782,0.35,0.3633729202351424,0.35,0.365103810906193,0.7662962401399275,0.75,0.775103810906193,0.3514562112471406,0.35,0.35
3,4,0,5,bike,0.3857948987461772,0.8123014871485836,0.36611989874617723,0.3899064143907612,0.35,0.40103741720017755,0.8196381464502916,0.75,0.8110374172001775,0.37293613205773785,0.35,0.38103741720017753
3,4,0,6,motor,0.3814006000000001,0.8117256000000002,0.3617256000000001,0.38884889171024506,0.35,0.38,0.8206870257356527,0.75,0.79,0.37226493471008143,0.35,0.36
3,4,0,7,traffic light,0.3885594518163713,0.8062551016237495,0.3688844518163713,0.39487130388104164,0.35,0.4336569574337682,0.8176129856543631,0.75,0.8436569574337682,0.3783877504774975,0.35,0.4136569574337682
3,4,0,8,traffic sign,0.3688206618953499,0.7733910938346854,0.35,0.37343532256883155,0.35,0.3909065340441016,0.7807756962617032,0.75,0.8009065340441016,0.35678820907280984,0.35,0.37090653404410157
3,4,0,9,train,0.3814006000000001,0.8117256000000002,0.3617256000000001,0.388729045626879,0.35,0.38,0.8205672411364652,0.75,0.79,0.37217237750197807,0.35,0.36
3,4,1,0,person,0.37979195053590903,0.7919639005539792,0.3601169505359091,0.38248629305689175,0.35,0.43046682175406514,0.7962657324896857,0.75,0.8404668217540652,0.36533057767164084,0.35,0.4104668217540651
3,4,1,1,rider,0.39034452502524947,0.8153032457966656,0.3706695250252495,0.39378033517515426,0.35,0.4128101998112863,0.8226755262388883,0.75,0.8228101998112863,0.3770495613048906,0.35,0.3928101998112863
3,4,1,2,car,0.360612443503204,0.760937443503204,0.35,0.36485086688357676,0.35,0.3556411237210617,0.7677012926514156,0.75,0.7656411237210617,0.3515909907014976,0.35,0.35
3,4,1,3,bus,0.35499191663446483,0.7553169166344649,0.35,0.360771697083869,0.35,0.3512314544192266,0.7635454000820786,0.75,0.7612314544192267,0.3508639193450194,0.35,0.35
3,4,1,4,truck,0.36121988582382164,0.7624140116976817,0.35,0.364395251392906,0.35,0.371098871793312,0.7675870951709755,0.75,0.781098871793312,0.3518355438807466,0.35,0.351098871793312
3,4,1,5,bike,0.3954254817973714,0.8167463552213926,0.37575048179737147,0.3931567609092897,0.35,0.4489711515824193,0.8182380518599773,0.75,0.8589711515824193,0.37600975860938207,0.35,0.4289711515824193
3,4,1,6,motor,0.40329514051103565,0.8336201405110357,0.38362014051103566,0.40517224534989965,0.35,0.3802,0.8377041068266727,0.75,0.7902,0.38912081424058265,0.35,0.36019999999999996
3,4,1,7,traffic light,0.3919412291352576,0.8112591425341048,0.37226622913525764,0.3958068993758373,0.35,0.43253888354844244,0.8195485506238639,0.75,0.8425388835484424,0.37938639069361607,0.35,0.4125388835484424
3,4,1,8,traffic sign,0.3771044825872195,0.7873614532682766,0.3574294825872195,0.3808903991678154,0.35,0.42426756132886756,0.7935494416045347,0.75,0.8342675613288676,0.36349594327750534,0.35,0.40426756132886754
3,4,1,9,train,0.3814006000000001,0.8117256000000002,0.3617256000000001,0.38849366297338034,0.35,0.38,0.8201975715730919,0.75,0.79,0.37180469049068837,0.35,0.36
3,4,2,0,person,0.373058069549799,0.7820531896147902,0.35338306954979903,0.37884770466923423,0.35,0.41686470438128137,0.7903267422296861,0.75,0.8268647043812813,0.3615239301420314,0.35,0.39686470438128135
3,4,2,1,rider,0.385617499535652,0.8130046914223499,0.36594249953565205,0.3926945537880662,0.35,0.39169264815748406,0.8222664230044189,0.75,0.8016926481574841,0.3758821266296732,0.35,0.37169264815748404
3,4,2,2,car,0.36224496554754754,0.7625699655475476,0.35,0.36539451693264396,0.35,0.3608633976387099,0.7685971049965068,0.75,0.7708633976387099,0.35195205275786196,0.35,0.35
3,4,2,3,bus,0.356569916758122,0.756894916758122,0.35,0.36287102162192447,0.35,0.36135386271649095,0.7664442993022637,0.75,0.771353862716491,0.3516304317982389,0.35,0.35
3,4,2,4,truck,0.35661695373702657,0.7569419537370267,0.35,0.36228885107637393,0.35,0.3569466082502433,0.7651552374815505,0.75,0.7669466082502434,0.35115162908888525,0.35,0.35
3,4,2,5,bike,0.39748691056582136,0.8201919955818366,0.3778119105658214,0.3931947148259365,0.35,0.4492533652614329,0.8188665215254322,0.75,0.8592533652614329,0.3761808186032616,0.35,0.4292533652614329
3,4,2,6,motor,0.38224383158862674,0.8125688315886268,0.36256883158862674,0.39228282450842694,0.35,0.3802,0.8233784709201476,0.75,0.7902,0.3756455481475454,0.35,0.36019999999999996
3,4,2,7,traffic light,0.3879517817344318,0.8053760395958836,0.3682767817344318,0.39473440855215625,0.35,0.4326939671510303,0.8173912018880017,0.75,0.8426939671510303,0.37825253421607236,0.35,0.4126939671510303
3,4,2,8,traffic sign,0.37681380583888624,0.787190091802188,0.35713880583888624,0.38096247055251004,0.35,0.42496754431803674,0.7936761643268865,0.75,0.8349675443180368,0.36357785216603483,0.35,0.4049675443180367
3,4,2,9,train,0.3814006000000001,0.8117256000000002,0.3617256000000001,0.3887116513841928,0.35,0.38,0.8205595721611844,0.75,0.79,0.3721405616281646,0.35,0.36
4,5,0,0,person,0.3825192183178521,0.7974682068690656,0.3661108849845188,0.38013314859692143,0.35,0.44,0.792892476636327,0.75,0.8550000000000001,0.36219012498549374,0.35,0.42
4,5,0,1,rider,0.39171001364703634,0.8249679552651086,0.37530168031370303,0.3893107839041659,0.35,0.3938,0.8179231256080916,0.75,0.8088000000000001,0.3711918610556178,0.35,0.37379999999999997
4,5,0,2,car,0.36708300865983257,0.7706746753264994,0.3506746753264993,0.36310925102366687,0.35,0.36739178248779575,0.7650196393339187,0.75,0.7823917824877958,0.35117852782968256,0.35,0.35
4,5,0,3,bus,0.3582333717768966,0.7618250384435634,0.35,0.3582901322534364,0.35,0.35338908841824646,0.7599361451578636,0.75,0.7683890884182465,0.3505187511697882,0.35,0.35
4,5,0,4,truck,0.36486143456999626,0.768453101236663,0.35,0.3636631868042763,0.35,0.37263251156974575,0.7666985957962099,0.75,0.7876325115697458,0.35223054216890454,0.35,0.35263251156974573
4,5,0,5,bike,0.3891707734382133,0.8186573474068206,0.37276244010488,0.38879226929865945,0.35,0.4006,0.8170713461971967,0.75,0.8156,0.3706400036347965,0.35,0.3806
4,5,0,6,motor,0.3874374000000001,0.821029066666667,0.3710290666666668,0.38600845261939787,0.35,0.39,0.8162141253572966,0.75,0.805,0.3677950839775396,0.35,0.37
4,5,0,7,traffic light,0.3944412736735663,0.8155709725616139,0.37803294034023305,0.39204538172072495,0.35,0.4418412065540299,0.8136076503081396,0.75,0.85684120655403,0.3739795150999807,0.35,0.4218412065540299
4,5,0,8,traffic sign,0.37452692274127236,0.7821602080475037,0.35811858940793906,0.3721159507778438,0.35,0.3997108293521124,0.7788977072457527,0.75,0.8147108293521125,0.35555519906523475,0.35,0.37971082935211237
4,5,0,9,train,0.3874374000000001,0.821029066666667,0.3710290666666668,0.3859022919120985,0.35,0.39,0.8161231302690157,0.75,0.805,0.3677119227466514,0.35,0.37
4,5,1,0,person,0.38606885148020337,0.8015759782757294,0.36966051814687007,0.3808710164698888,0.35,0.440753611218678,0.7938656356740575,0.75,0.855753611218678,0.3630590246748431,0.35,0.420753611218678
4,5,1,1,rider,0.3929392901282779,0.8211124997636947,0.37653095679494464,0.3907594580050977,0.35,0.415,0.8182838696889435,0.75,0.83,0.3727302303648839,0.35,0.39499999999999996
4,5,1,2,car,0.36644556919152627,0.7700372358581931,0.350037235858193,0.3630462678230892,0.35,0.3649106384951729,0.7649385142458294,0.75,0.779910638495173,0.35120520198152466,0.35,0.35
4,5,1,3,bus,0.3605397083093868,0.7641313749760535,0.35,0.3588200457267225,0.35,0.3594272854541123,0.7605275221004532,0.75,0.7744272854541123,0.35057779658525295,0.35,0.35
4,5,1,4,truck,0.36677902099890447,0.7709576343028022,0.3503706876655712,0.3636695818981976,0.35,0.3794434202717547,0.7666666298050416,0.75,0.7944434202717547,0.35219373693437794,0.35,0.3594434202717547
4,5,1,5,bike,0.39591186860418537,0.8196297387349393,0.3795035352708521,0.3933310150894685,0.35,0.44,0.817483554271711,0.75,0.8550000000000001,0.37556279824333827,0.35,0.42
4,5,1,6,motor,0.4164500957655707,0.8500417624322375,0.40004176243223744,0.4023586685657014,0.35,0.43119999999999997,0.833410915423102,0.75,0.8462,0.38524059687940365,0.35,0.41119999999999995
4,5,1,7,traffic light,0.39779705286721484,0.82048495457021,0.38138871953388154,0.392870657741895,0.35,0.44113653801229263,0.8152471360646055,0.75,0.8561365380122926,0.3749153244385331,0.35,0.4211365380122926
4,5,1,8,traffic sign,0.38264811550920197,0.7958581924609162,0.3662397821758687,0.37941264626270715,0.35,0.43242800700561124,0.7914569058522881,0.75,0.8474280070056113,0.3612953864375666,0.35,0.4124280070056112
4,5,1,9,train,0.3874374000000001,0.821029066666667,0.3710290666666668,0.386330474751541,0.35,0.39,0.8165525937427215,0.75,0.805,0.3682320208720518,0.35,0.37
4,5,2,0,person,0.3815374109369971,0.7943819101641383,0.36512907760366387,0.3807243745254241,0.35,0.43669312180509795,0.7934524196863136,0.75,0.8516931218050979,0.36357828169488043,0.35,0.41669312180509793
4,5,2,1,rider,0.39058525996730914,0.8210589702794518,0.37417692663397584,0.3890869362248545,0.35,0.4006,0.8174050552882935,0.75,0.8156,0.3709244649839347,0.35,0.3806
4,5,2,2,car,0.3682438716204064,0.7718355382870732,0.35183553828707315,0.36325137328389956,0.35,0.3707283726938868,0.765144830903138,0.75,0.7857283726938868,0.35122065382466444,0.35,0.3507283726938868
4,5,2,3,bus,0.3622976226090515,0.7658892892757183,0.35,0.3594299961191109,0.35,0.37020304909379675,0.7612336472276708,0.75,0.7852030490937968,0.35071650561346507,0.35,0.35020304909379674
4,5,2,4,truck,0.36163180549364377,0.7652234721603105,0.35,0.36339948824385204,0.35,0.3633892393569985,0.766829796983807,0.75,0.7783892393569986,0.35253361308169073,0.35,0.35
4,5,2,5,bike,0.39817996963217056,0.8234330762366444,0.38177163629883726,0.39333516426855736,0.35,0.44,0.8180504521485226,0.75,0.8550000000000001,0.37546292037282303,0.35,0.42
4,5,2,6,motor,0.4013679814358841,0.8349596481025509,0.3849596481025508,0.4004222900286885,0.35,0.42778086370965596,0.8313305230856697,0.75,0.842780863709656,0.3834251569617006,0.35,0.40778086370965594
4,5,2,7,traffic light,0.39380180815968246,0.814601018663068,0.3773934748263492,0.39136993795594854,0.35,0.441191145727938,0.8124800437024485,0.75,0.856191145727938,0.3732424055767533,0.35,0.421191145727938
4,5,2,8,traffic sign,0.38236445903948185,0.795699193543477,0.36595612570614855,0.3792660551362268,0.35,0.4331593313123263,0.791244472332919,0.75,0.8481593313123263,0.36112090623618553,0.35,0.4131593313123263
4,5,2,9,train,0.3874374000000001,0.821029066666667,0.3710290666666668,0.38589135724205237,0.35,0.39,0.816093485852999,0.75,0.805,0.36768023503285624,0.35,0.37
5,6,0,0,person,0.37751308153219815,0.7896977476161944,0.35878808153219816,0.3824515672334417,0.35,0.45,0.7966374044502219,0.75,0.8700000000000001,0.3655984246111133,0.35,0.43
5,6,0,1,rider,0.3857405784674931,0.8154834533660321,0.3670155784674931,0.39171123860073226,0.35,0.4044386639376329,0.8212913747795098,0.75,0.8244386639376329,0.3747159700921672,0.35,0.3844386639376329
5,6,0,2,car,0.3636661297547583,0.7649411297547584,0.35,0.3648745447129002,0.35,0.38099965491602605,0.7679475441296311,0.75,0.8009996549160261,0.35215065156977127,0.35,0.36099965491602604
5,6,0,3,bus,0.353508243176109,0.7547832431761091,0.35,0.3607543726721782,0.35,0.36172489872685176,0.76357091701988,0.75,0.7817248987268518,0.35110716812956166,0.35,0.35
5,6,0,4,truck,0.36010256928655,0.76137756928655,0.35,0.3632280366945803,0.35,0.3808775501125091,0.7662134273887456,0.75,0.8008775501125092,0.35155916534115517,0.35,0.3608775501125091
5,6,0,5,bike,0.3838084116547493,0.8103701232341856,0.36508341165474933,0.39039079014969685,0.35,0.4104,0.8196933747109849,0.75,0.8304,0.37335709003811296,0.35,0.39039999999999997
5,6,0,6,motor,0.38315620000000006,0.8144312000000001,0.36443120000000007,0.3901193757962311,0.35,0.4,0.821733119350724,0.75,0.8200000000000001,0.3732906577912211,0.35,0.38
5,6,0,7,traffic light,0.3905013266637383,0.8095023622442514,0.37177632666373833,0.39365150911231533,0.35,0.45206803695045317,0.8161529091999854,0.75,0.8720680369504532,0.3768064277982522,0.35,0.43206803695045315
5,6,0,8,traffic sign,0.3700836078291015,0.7752977578759443,0.3513586078291015,0.3739264757986947,0.35,0.4091096802748107,0.7816950662288652,0.75,0.8291096802748108,0.35770216265116944,0.35,0.3891096802748107
5,6,0,9,train,0.38315620000000006,0.8144312000000001,0.36443120000000007,0.38879880331870603,0.35,0.4,0.8199426006047071,0.75,0.8200000000000001,0.3718754498970294,0.35,0.38
5,6,1,0,person,0.38213494699424894,0.7954474611328625,0.36340994699424894,0.38358638675145124,0.35,0.45134259410729777,0.7982484399409565,0.75,0.8713425941072979,0.3668276761331722,0.35,0.43134259410729775
5,6,1,1,rider,0.3911951519008708,0.816518845327595,0.3724701519008708,0.3925457219343617,0.35,0.4316554912656974,0.8205287817431595,0.75,0.8516554912656975,0.37547371314759853,0.35,0.4116554912656974
5,6,1,2,car,0.3625724467016815,0.7638474467016815,0.35,0.36467634471157706,0.35,0.3766234731818476,0.7677360414083193,0.75,0.7966234731818476,0.35212323055829664,0.35,0.35662347318184756
5,6,1,3,bus,0.35573495375384456,0.7570099537538446,0.35,0.3610572068827726,0.35,0.36748371006203306,0.763881523520344,0.75,0.7874837100620331,0.3511274940023918,0.35,0.35
5,6,1,4,truck,0.36131130792127925,0.7625863079212792,0.35,0.36354970682815685,0.35,0.3851661785234663,0.7665677700967432,0.75,0.8051661785234663,0.351708374873194,0.35,0.3651661785234663
5,6,1,5,bike,0.391449949362153,0.8127224237694806,0.372724949362153,0.393861935097565,0.35,0.45,0.8186706472831883,0.75,0.8700000000000001,0.37685740568322257,0.35,0.43
5,6,1,6,motor,0.3955779026961882,0.8268529026961883,0.3768529026961882,0.4022198869399,0.35,0.41730774641519197,0.834504595116599,0.75,0.837307746415192,0.386007706998129,0.35,0.39730774641519195
5,6,1,7,traffic light,0.39380487164085887,0.8143127704893659,0.3750798716408589,0.3942527544836854,0.35,0.4515033019339656,0.8171688705618644,0.75,0.8715033019339656,0.3774619777126221,0.35,0.4315033019339656
5,6,1,8,traffic sign,0.3783190431494487,0.7891689739890713,0.3595940431494487,0.3819647716302861,0.35,0.44217292759245247,0.7953060752420721,0.75,0.8621729275924526,0.36511926396838684,0.35,0.42217292759245245
5,6,1,9,train,0.38315620000000006,0.8144312000000001,0.36443120000000007,0.38889294884119163,0.35,0.4,0.8200942990564165,0.75,0.8200000000000001,0.3720269638837654,0.35,0.38
5,6,2,0,person,0.3759368124015031,0.7864812770676963,0.3572118124015031,0.38178046502571666,0.35,0.4405638125379072,0.7952333778655464,0.75,0.8605638125379073,0.3649336585030116,0.35,0.4205638125379072
5,6,2,1,rider,0.3919902104331234,0.81995371945937,0.3732652104331234,0.39332575106202516,0.35,0.42035452630172593,0.8226053963672003,0.75,0.840354526301726,0.376405115644959,0.35,0.4003545263017259
5,6,2,2,car,0.363986320169578,0.765261320169578,0.35,0.36503034233072945,0.35,0.38083193647713415,0.76812639924675,0.75,0.8008319364771341,0.35220823201035145,0.35,0.36083193647713413
5,6,2,3,bus,0.3575826562366542,0.7588576562366542,0.35,0.3613382299318697,0.35,0.3785865588181148,0.7642489708244312,0.75,0.7985865588181149,0.3512505245045325,0.35,0.3585865588181148
5,6,2,4,truck,0.35584572042664475,0.7571207204266448,0.35,0.3619206963520885,0.35,0.36790257053928926,0.7647690172725313,0.75,0.7879025705392892,0.35136297098479535,0.35,0.35
5,6,2,5,bike,0.3931140110400546,0.8155617012305403,0.3743890110400546,0.3941315641706613,0.35,0.45,0.8194463219328355,0.75,0.8700000000000001,0.37725012083396353,0.35,0.43
5,6,2,6,motor,0.3916831250165901,0.8229581250165902,0.3729581250165901,0.400158864098544,0.35,0.416107746415192,0.832021154669479,0.75,0.836107746415192,0.3837942745537363,0.35,0.396107746415192
5,6,2,7,traffic light,0.38987454924989706,0.8085110036759415,0.37114954924989707,0.39351996831243136,0.35,0.4516930164825818,0.8158112845556765,0.75,0.8716930164825818,0.37669052773864475,0.35,0.4316930164825818
5,6,2,8,traffic sign,0.37774503126067316,0.7885429321340397,0.35902003126067317,0.38195159626589303,0.35,0.44186768512375013,0.7952977093847461,0.75,0.8618676851237501,0.36510415759374243,0.35,0.4218676851237501
5,6,2,9,train,0.38315620000000006,0.8144312000000001,0.36443120000000007,0.38876339630548684,0.35,0.4,0.8198851821138643,0.75,0.8200000000000001,0.3718180314061867,0.35,0.38
6,7,0,0,person,0.38014147345567967,0.7934404695198368,0.3622914734556796,0.3863752462291952,0.35,0.4626326297817722,0.8024231870165418,0.75,0.8876326297817723,0.3718619924376924,0.35,0.4426326297817722
6,7,0,1,rider,0.3900758224078784,0.8205234076351512,0.3722258224078783,0.39622142040229974,0.35,0.4189521603670226,0.8280825758779558,0.75,0.8439521603670227,0.3814568165886946,0.35,0.3989521603670226
6,7,0,2,car,0.3653364006370676,0.7674864006370676,0.35,0.37049553609319164,0.35,0.39103547090592583,0.7764974762834388,0.75,0.8160354709059259,0.35827929043757883,0.35,0.3710354709059258
6,7,0,3,bus,0.35471765985486947,0.7568676598548694,0.35,0.364800485467129,0.35,0.3702549130154639,0.7704145963131559,0.75,0.7952549130154639,0.35438286208444936,0.35,0.3502549130154639
6,7,0,4,truck,0.3609765236970781,0.7631265236970781,0.35,0.36674148104483656,0.35,0.38817631546219233,0.7723478595528354,0.75,0.8131763154621924,0.3554084850172606,0.35,0.3681763154621923
6,7,0,5,bike,0.3843262036238931,0.8110871535870159,0.366476203623893,0.394110017989782,0.35,0.42039999999999994,0.8255185669752967,0.75,0.8454,0.3791735144723702,0.35,0.4003999999999999
6,7,0,6,motor,0.40668819590740823,0.8388381959074083,0.38883819590740815,0.4010435032546748,0.35,0.41019999999999995,0.8343423099993056,0.75,0.8352,0.38610381841318825,0.35,0.39019999999999994
6,7,0,7,traffic light,0.39187709780416957,0.8118061230369059,0.3740270978041695,0.3980402608047205,0.35,0.46058288617445786,0.8231857539024076,0.75,0.8855828861744579,0.3834169024712129,0.35,0.44058288617445784
6,7,0,8,traffic sign,0.3716721382958475,0.7777382725195646,0.3538221382958474,0.3769649162309305,0.35,0.41897465411247425,0.7863100751876918,0.75,0.8439746541124743,0.3628713934894576,0.35,0.39897465411247424
6,7,0,9,train,0.38477319999999987,0.8169231999999997,0.3669231999999998,0.39174842639503066,0.35,0.41,0.8248272123567334,0.75,0.8350000000000001,0.3767364083928564,0.35,0.38999999999999996
6,7,1,0,person,0.3838391951859139,0.7981145452046235,0.36598919518591383,0.3874227528552791,0.35,0.4609661946810574,0.8040402841948633,0.75,0.8859661946810574,0.3729500563459645,0.35,0.44096619468105736
6,7,1,1,rider,0.394348502546764,0.8204230432770298,0.3764985025467639,0.3979004241424437,0.35,0.4461960028589179,0.8283050272680136,0.75,0.871196002858918,0.3832824869990585,0.35,0.4261960028589179
6,7,1,2,car,0.3642721370708251,0.7664221370708251,0.35,0.3705187969764485,0.35,0.38689176929821556,0.7766463660578942,0.75,0.8118917692982156,0.3583662564624038,0.35,0.36689176929821554
6,7,1,3,bus,0.35770492898846573,0.7598549289884657,0.35,0.365376360214408,0.35,0.3788410915108041,0.7711542869056496,0.75,0.8038410915108042,0.3549217080443203,0.35,0.35884109151080407
6,7,1,4,truck,0.3621426611177914,0.7642926611177914,0.35,0.36752099700632684,0.35,0.39235934416408236,0.7733592206807608,0.75,0.8173593441640824,0.35576412733288004,0.35,0.37235934416408234
6,7,1,5,bike,0.39221135731241497,0.8137990505360111,0.3743613573124149,0.39807602743215137,0.35,0.45999999999999996,0.8257419359326647,0.75,0.885,0.3836222370600801,0.35,0.43999999999999995
6,7,1,6,motor,0.39713808688467844,0.8292880868846784,0.37928808688467835,0.40208471575316906,0.35,0.4262207300160496,0.835644930674396,0.75,0.8512207300160496,0.38746543350028384,0.35,0.4062207300160496
6,7,1,7,traffic light,0.39545414219416414,0.8169252223340335,0.37760414219416405,0.3986117961643447,0.35,0.4609699942049885,0.8243695160257212,0.75,0.8859699942049886,0.3840862254639931,0.35,0.4409699942049885
6,7,1,8,traffic sign,0.38006866234603587,0.7918225180898278,0.3622186623460358,0.38629710369590536,0.35,0.4526607943094419,0.8019335136947124,0.75,0.877660794309442,0.371955270287067,0.35,0.4326607943094419
6,7,1,9,train,0.38477319999999987,0.8169231999999997,0.3669231999999998,0.39208274456971814,0.35,0.41,0.825106601527652,0.75,0.8350000000000001,0.377130612996942,0.35,0.38999999999999996
6,7,2,0,person,0.3783422406672705,0.7899555300556074,0.3604922406672704,0.38566964902304907,0.35,0.4536500363551567,0.8011209118503158,0.75,0.8786500363551567,0.37114762930045675,0.35,0.4336500363551567
6,7,2,1,rider,0.39054634519190085,0.8189961965745379,0.37269634519190076,0.3962380767792901,0.35,0.4275901311329196,0.8277553012023603,0.75,0.8525901311329197,0.38142992208700144,0.35,0.4075901311329196
6,7,2,2,car,0.3655722634374799,0.7677222634374798,0.35,0.37076744919439825,0.35,0.39070983314391644,0.7767939360044817,0.75,0.8157098331439164,0.35845214863010216,0.35,0.3707098331439164
6,7,2,3,bus,0.36039388805279954,0.7625438880527995,0.35,0.36619843135509234,0.35,0.3933958769494001,0.7718519398116986,0.75,0.8183958769494001,0.3552236361415318,0.35,0.3733958769494001
6,7,2,4,truck,0.357031268249389,0.759181268249389,0.35,0.36536276985699456,0.35,0.3763861004239949,0.771019406260383,0.75,0.8013861004239949,0.35445173963452437,0.35,0.3563861004239949
6,7,2,5,bike,0.3932770798909923,0.8156816058604063,0.3754270798909922,0.3976885882262195,0.35,0.45999999999999996,0.8253463658657364,0.75,0.885,0.3830775489307994,0.35,0.43999999999999995
6,7,2,6,motor,0.41060503860072917,0.8427550386007292,0.3927550386007291,0.4034000787644428,0.35,0.458006429230037,0.8374619568821308,0.75,0.883006429230037,0.3888892405581532,0.35,0.43800642923003696
6,7,2,7,traffic light,0.39106811683526965,0.8105458109967515,0.37321811683526956,0.39713773451873197,0.35,0.45999999999999996,0.8216280469830668,0.75,0.885,0.38221405320492124,0.35,0.43999999999999995
6,7,2,8,traffic sign,0.3790666012567201,0.790548708304544,0.36121660125672,0.38552916566379475,0.35,0.45074836134723384,0.8008203163976285,0.75,0.8757483613472339,0.3709573131716986,0.35,0.4307483613472338
6,7,2,9,train,0.38477319999999987,0.8169231999999997,0.3669231999999998,0.3919568843114694,0.35,0.41,0.8249124335543828,0.75,0.8350000000000001,0.37689271112651496,0.35,0.38999999999999996
7,8,0,0,person,0.3907726711828039,0.8101040627951933,0.37913100451613746,0.3842733849073235,0.35,0.47,0.7996697413643846,0.75,0.9,0.36870793185525574,0.35,0.44999999999999996
7,8,0,1,rider,0.40033267721126725,0.837109264653773,0.38869101054460076,0.39446832389203573,0.35,0.42782828297602676,0.8258457604626276,0.75,0.8578282829760269,0.37924569325566604,0.35,0.40782828297602675
7,8,0,2,car,0.37692763820040365,0.7852859715337372,0.3652859715337372,0.36918396686009286,0.35,0.4014070162125038,0.7742764536433637,0.75,0.8314070162125038,0.35588021247328944,0.35,0.3814070162125038
7,8,0,3,bus,0.36664699987666605,0.7750053332099996,0.3550053332099996,0.36279604338438604,0.35,0.38201019983284323,0.767530120224555,0.75,0.8120101998328433,0.353012356742848,0.35,0.3620101998328432
7,8,0,4,truck,0.3718571911951361,0.7802155245284698,0.3602155245284696,0.3651614578380274,0.35,0.3959714077465414,0.7697396155519627,0.75,0.8259714077465414,0.35343689089423025,0.35,0.37597140774654136
7,8,0,5,bike,0.39590640154650736,0.8288805421268393,0.3842647348798409,0.39339533748899186,0.35,0.4306534301226301,0.8240429597608281,0.75,0.8606534301226301,0.37809592840227163,0.35,0.41065343012263006
7,8,0,6,motor,0.3971165712521416,0.8354749045854752,0.3854749045854752,0.3946660285372203,0.35,0.42019999999999996,0.8274187491690005,0.75,0.8502000000000001,0.3792908554891547,0.35,0.40019999999999994
7,8,0,7,traffic light,0.4039674046258853,0.8302903372902124,0.3923257379592189,0.3958061045990037,0.35,0.4720413150808269,0.8197474930287522,0.75,0.9,0.38052308602398516,0.35,0.45
7,8,0,8,traffic sign,0.3834866118362195,0.7958453412802514,0.371844945169553,0.37636219805487575,0.35,0.4303958712728874,0.785401966572494,0.75,0.8603958712728874,0.3615024310614216,0.35,0.4103958712728874
7,8,0,9,train,0.3962462000000004,0.834604533333334,0.3846045333333339,0.39113220281910105,0.35,0.42,0.8237371672656488,0.75,0.8500000000000001,0.37578983263550403,0.35,0.39999999999999997
7,8,1,0,person,0.39489782072738094,0.8152475471085997,0.38325615406071445,0.3866458380796928,0.35,0.47,0.8030601304331272,0.75,0.9,0.371198746939913,0.35,0.44999999999999996
7,8,1,1,rider,0.40454153369821877,0.83667115389953,0.39289986703155233,0.39595650534231575,0.35,0.45559999999999995,0.8250255652749273,0.75,0.8855999999999999,0.3805864256852578,0.35,0.43559999999999993
7,8,1,2,car,0.37585667426212604,0.7842150075954596,0.36421500759545955,0.3693030367297874,0.35,0.3972970546616462,0.7745296498483288,0.75,0.8272970546616463,0.3561533697141422,0.35,0.3772970546616462
7,8,1,3,bus,0.3681805074803191,0.7765388408136528,0.3565388408136526,0.3631463557812986,0.35,0.3849875844064071,0.7679057949330695,0.75,0.8149875844064072,0.3530358926427233,0.35,0.3649875844064071
7,8,1,4,truck,0.3734744471498002,0.7818327804831339,0.3618327804831337,0.3656025747352687,0.35,0.4017852336440561,0.7703289429815068,0.75,0.8317852336440561,0.3538058279607667,0.35,0.3817852336440561
7,8,1,5,bike,0.40321653768662385,0.8307095784017973,0.39157487101995736,0.39616934552133215,0.35,0.47,0.8221032837797658,0.75,0.9,0.3809317657058944,0.35,0.44999999999999996
7,8,1,6,motor,0.41014093795116,0.8484992712844937,0.3984992712844936,0.4006022395927456,0.35,0.43800897209502887,0.8335509303918626,0.75,0.8680089720950289,0.3853457007546844,0.35,0.41800897209502885
7,8,1,7,traffic light,0.4071384419351547,0.8349243709428963,0.39549677526848825,0.39656559295119614,0.35,0.47117167087992273,0.8210235661209041,0.75,0.9,0.3812379899024312,0.35,0.45
7,8,1,8,traffic sign,0.39154633875478434,0.809522377855519,0.37990467208811785,0.38431463055642096,0.35,0.4625762240951203,0.798883210701245,0.75,0.8925762240951203,0.36899270320364685,0.35,0.44257622409512026
7,8,1,9,train,0.3962462000000004,0.834604533333334,0.3846045333333339,0.39191809049126375,0.35,0.42,0.824553386324003,0.75,0.8500000000000001,0.3765645468543839,0.35,0.39999999999999997
7,8,2,0,person,0.38919044886508714,0.8069040542404072,0.3775487821984207,0.38338171057812237,0.35,0.460884262646321,0.7975379181006864,0.75,0.890884262646321,0.3677571123110703,0.35,0.44088426264632097
7,8,2,1,rider,0.40022228344590793,0.8345255380993765,0.3885806167792415,0.3954061537117186,0.35,0.43599999999999994,0.8259691310896614,0.75,0.866,0.38007748307151584,0.35,0.4159999999999999
7,8,2,2,car,0.3771651065778066,0.7855234399111403,0.3655234399111401,0.36964737873240566,0.35,0.40121654960145187,0.774941036082688,0.75,0.8312165496014519,0.3561365826092208,0.35,0.38121654960145185
7,8,2,3,bus,0.3699147640348241,0.7782730973681576,0.3582730973681576,0.36357068954923205,0.35,0.39564152018229176,0.7683081475714976,0.75,0.8256415201822918,0.3532170731390066,0.35,0.37564152018229174
7,8,2,4,truck,0.3679540322266724,0.776312365560006,0.3563123655600059,0.3632774678901404,0.35,0.3844126758402568,0.7678506856310188,0.75,0.8144126758402568,0.3526088588837227,0.35,0.3644126758402568
7,8,2,5,bike,0.40463912489935927,0.8331716519756448,0.39299745823269283,0.3962129637274177,0.35,0.47,0.8227850191886014,0.75,0.9,0.3808620832151293,0.35,0.44999999999999996
7,8,2,6,motor,0.4039398256938911,0.8422981590272247,0.39229815902722465,0.39921880001690596,0.35,0.429600212423829,0.8319674610996565,0.75,0.8596002124238291,0.38398113101352355,0.35,0.409600212423829
7,8,2,7,traffic light,0.402988337856712,0.8287859244497451,0.3913466711900455,0.39572565247927843,0.35,0.4712271500803954,0.8193529030243907,0.75,0.9,0.38038734001078417,0.35,0.45
7,8,2,8,traffic sign,0.39042441362209473,0.8080298587665029,0.37878274695542824,0.3840672574718409,0.35,0.46024972262497066,0.79854418491582,0.75,0.8902497226249707,0.3686252768907652,0.35,0.44024972262497064
7,8,2,9,train,0.3962462000000004,0.834604533333334,0.3846045333333339,0.39215185948910275,0.35,0.42,0.8248965936490289,0.75,0.8500000000000001,0.3768710144450755,0.35,0.39999999999999997
8,9,0,0,person,0.38879023739061674,0.8070318000663848,0.3760569040572833,0.3992576681003837,0.35,0.4800202150305012,0.8223079506665898,0.75,0.9,0.39143230937257933,0.35,0.45
8,9,0,1,rider,0.39720995536446685,0.8326283933134611,0.3844766220311334,0.4060141317011982,0.35,0.43579999999999997,0.8437245925625038,0.75,0.8708,0.39742379234390435,0.35,0.41579999999999995
8,9,0,2,car,0.37549527792912585,0.7827619445957924,0.3627619445957924,0.38329432408856484,0.35,0.41377073112582735,0.7958402523816709,0.75,0.8487707311258273,0.3758762539674096,0.35,0.39377073112582733
8,9,0,3,bus,0.3646006694379474,0.771867336104614,0.35186733610461396,0.37704700007629827,0.35,0.39170541292167993,0.7893141613958813,0.75,0.82670541292168,0.37007357101042504,0.35,0.3717054129216799
8,9,0,4,truck,0.36899742430042576,0.7762640909670924,0.35626409096709233,0.3779127359214205,0.35,0.40293931811635947,0.7903103889411786,0.75,0.8379393181163596,0.3707561560763661,0.35,0.38293931811635945
8,9,0,5,bike,0.3939280317908878,0.825824262170301,0.3811946984575544,0.4054779130676504,0.35,0.44075132112323095,0.8432010237939034,0.75,0.875751321123231,0.396956768668896,0.35,0.42075132112323094
8,9,0,6,motor,0.3940649561973762,0.830691086642452,0.38133162286404276,0.40526736087456383,0.35,0.43019999999999997,0.8446852019149426,0.75,0.8652000000000001,0.3965842548050447,0.35,0.41019999999999995
8,9,0,7,traffic light,0.4016489881559791,0.8269129298370351,0.3889156548226457,0.40796443752184847,0.35,0.4803594325173553,0.8381640687500176,0.75,0.9,0.3993165106930898,0.35,0.45
8,9,0,8,traffic sign,0.38141572949924374,0.79271602723859,0.3686823961659103,0.39008204527588347,0.35,0.44002955354151707,0.8066186827382836,0.75,0.8750295535415171,0.38202873525967734,0.35,0.42002955354151705
8,9,0,9,train,0.3942287999999998,0.8314954666666664,0.3814954666666664,0.4037435572530061,0.35,0.43,0.8431174268975191,0.75,0.8650000000000001,0.39526895420219593,0.35,0.41
8,9,1,0,person,0.3928760960161926,0.8121234733864731,0.3801427626828592,0.40091353001943947,0.35,0.48,0.8252576414428078,0.75,0.9,0.39305979378885914,0.35,0.45
8,9,1,1,rider,0.4032184324604004,0.8342159999634728,0.39048509912706697,0.40752962147114596,0.35,0.46759999999999996,0.8437430140270052,0.75,0.9,0.3989133941006007,0.35,0.44759999999999994
8,9,1,2,car,0.3744119767317456,0.7816786433984122,0.36167864339841216,0.38284966639345325,0.35,0.409642926625835,0.7953236564412928,0.75,0.8446429266258351,0.3754411893486788,0.35,0.389642926625835
8,9,1,3,bus,0.366166542114774,0.7734332087814406,0.3534332087814406,0.37742023680900677,0.35,0.3949539035520474,0.7898275712926558,0.75,0.8299539035520475,0.3704875170095662,0.35,0.3749539035520474
8,9,1,4,truck,0.37047695553445903,0.7777436222011256,0.3577436222011256,0.3786278626145527,0.35,0.4082433887630425,0.7910478219635021,0.75,0.8432433887630425,0.37142623011405446,0.35,0.3882433887630425
8,9,1,5,bike,0.4007665478156233,0.8268834814581861,0.3880332144822899,0.4085259032383875,0.35,0.48,0.8410009085371284,0.75,0.9,0.40001940288058596,0.35,0.45
8,9,1,6,motor,0.4134805938826886,0.8507472605493551,0.40074726054935517,0.4124001909705643,0.35,0.45591190227571904,0.8515143070888863,0.75,0.8909119022757191,0.40316153131197124,0.35,0.435911902275719
8,9,1,7,traffic light,0.4048775313930054,0.8315688643816845,0.392144198059672,0.40829019893632523,0.35,0.48,0.8388065393409336,0.75,0.9,0.3997121974739917,0.35,0.45
8,9,1,8,traffic sign,0.38951104609193116,0.8063914931830768,0.3767777127585977,0.39892132254503215,0.35,0.47240084515694364,0.8214733877409265,0.75,0.9,0.3911831097941551,0.35,0.45
8,9,1,9,train,0.3942287999999998,0.8314954666666664,0.3814954666666664,0.4042033321296341,0.35,0.43,0.8435681385315017,0.75,0.8650000000000001,0.3957494973079907,0.35,0.41
8,9,2,0,person,0.38731699551900256,0.8039664768943553,0.37458366218566913,0.3986342170180526,0.35,0.4713488156246547,0.8211443698254794,0.75,0.9,0.39091615888813336,0.35,0.45
8,9,2,1,rider,0.39797444495845175,0.8308885281734139,0.3852411116251183,0.4068966661026911,0.35,0.4466,0.8441326233719337,0.75,0.8816,0.39832766572109163,0.35,0.4266
8,9,2,2,car,0.3755763245096955,0.7828429911763621,0.3628429911763621,0.3835939819513104,0.35,0.41299136276009535,0.7962754557097087,0.75,0.8479913627600953,0.3761835754232777,0.35,0.39299136276009533
8,9,2,3,bus,0.367695718060262,0.7749623847269286,0.3549623847269286,0.3774393416573116,0.35,0.404830906080163,0.7898512852438824,0.75,0.8398309060801631,0.3705198189943129,0.35,0.38483090608016296
8,9,2,4,truck,0.3642933983614393,0.7715600650281058,0.3515600650281059,0.3773495853072016,0.35,0.39,0.7897847975690274,0.75,0.8250000000000001,0.3703064443422028,0.35,0.37
8,9,2,5,bike,0.4013923589979028,0.828064285606859,0.3886590256645694,0.40857311272569535,0.35,0.48,0.8415496346334338,0.75,0.9,0.40011991335582375,0.35,0.45
8,9,2,6,motor,0.4091417046241333,0.8464083712907999,0.39640837129079987,0.41173301024392295,0.35,0.4501261286237357,0.8507355945592742,0.75,0.8851261286237357,0.40242237575894113,0.35,0.43012612862373567
8,9,2,7,traffic light,0.4006391553556024,0.8252970125871381,0.387905822022269,0.40718424523788393,0.35,0.48,0.8367729547450334,0.75,0.9,0.3983965834760897,0.35,0.45
8,9,2,8,traffic sign,0.38819761870652236,0.8045694220559242,0.37546428537318893,0.3982811363633465,0.35,0.4694168018720469,0.8204477033129652,0.75,0.9,0.3904554385172694,0.35,0.44941680187204686
8,9,2,9,train,0.3942287999999998,0.8314954666666664,0.3814954666666664,0.4039723999164964,0.35,0.43,0.8432815473762294,0.75,0.8650000000000001,0.3954400227737001,0.35,0.41
9,10,0,0,person,0.40487939941425016,0.8318031313332438,0.4011377327475837,0.3993114187533912,0.35,0.4885703383692055,0.8227334013846798,0.75,0.9,0.39146008636694546,0.35,0.45
9,10,0,1,rider,0.4153472320223212,0.8597701524553447,0.41160556535565473,0.4107791839166309,0.35,0.4484360515747717,0.8500603601065063,0.75,0.8884360515747718,0.4037811785453173,0.35,0.42843605157477166
9,10,0,2,car,0.3926978857072151,0.8089562190405486,0.3889562190405486,0.383811713834114,0.35,0.42601246510725804,0.796784242458933,0.75,0.866012465107258,0.37627409814825025,0.35,0.406012465107258
9,10,0,3,bus,0.37962810890215676,0.7958864422354903,0.3758864422354903,0.3764645120938059,0.35,0.4,0.7886319810613075,0.75,0.8400000000000001,0.3690371207181778,0.35,0.38
9,10,0,4,truck,0.38676906942553446,0.803027402758868,0.383027402758868,0.3777470162912427,0.35,0.4177462337280342,0.7899866858378436,0.75,0.8577462337280343,0.3702980602611401,0.35,0.3977462337280342
9,10,0,5,bike,0.40983435950382757,0.8502513447863403,0.4060926928371611,0.4090346552223831,0.35,0.4508,0.8479645397786792,0.75,0.8908,0.40204117737756956,0.35,0.43079999999999996
9,10,0,6,motor,0.40857456542045417,0.8528873199185604,0.4048328987537877,0.40999897873374147,0.35,0.4402,0.8504117668849348,0.75,0.8802000000000001,0.4028892091583784,0.35,0.42019999999999996
9,10,0,7,traffic light,0.4192986891714362,0.8538325465925461,0.4155570225047697,0.41088545060844855,0.35,0.4930607398072577,0.8434671596517331,0.75,0.9,0.4037117069096053,0.35,0.45
9,10,0,8,traffic sign,0.3988226178750667,0.8193320270219907,0.3950809512084002,0.3912260839398847,0.35,0.45333153692308104,0.8083386919226822,0.75,0.8933315369230811,0.38364440813245704,0.35,0.433331536923081
9,10,0,9,train,0.41084540000000036,0.857103733333334,0.4071037333333339,0.40779763480742703,0.35,0.44,0.8479184930568063,0.75,0.8800000000000001,0.4008400562561576,0.35,0.42
9,10,1,0,person,0.4100523144334072,0.838430024917209,0.4063106477667407,0.4008322660017245,0.35,0.49152533091539824,0.8254222003460061,0.75,0.9,0.39314857366213657,0.35,0.45
9,10,1,1,rider,0.4205619486635408,0.8602994772359026,0.4168202819968743,0.411869311589687,0.35,0.48059999999999997,0.8491935608374036,0.75,0.9,0.4052894716659745,0.35,0.45
9,10,1,2,car,0.3913231740083382,0.8075815073416717,0.38758150734167174,0.382978649479006,0.35,0.4207059770029191,0.7955830392707163,0.75,0.8607059770029192,0.3753342892694878,0.35,0.4007059770029191
9,10,1,3,bus,0.3827239324646754,0.798982265798009,0.3789822657980089,0.3770661455034874,0.35,0.40453971777706793,0.7893656591545151,0.75,0.8445397177770679,0.3696501262519522,0.35,0.3845397177770679
9,10,1,4,truck,0.3870234570502336,0.8032817903835672,0.38328179038356713,0.37875516890768296,0.35,0.4180462298720066,0.791130145470997,0.75,0.8580462298720066,0.3714306775597183,0.35,0.3980462298720066
9,10,1,5,bike,0.41707996895282773,0.8519788345522786,0.41333830228616125,0.411039700189719,0.35,0.49,0.8451227004299203,0.75,0.9,0.4042106615289997,0.35,0.45
9,10,1,6,motor,0.41866595654824496,0.864610476700944,0.4149242898815785,0.4122979149329932,0.35,0.44991107770833194,0.8525164032562902,0.75,0.889911077708332,0.4052807576509774,0.35,0.4299110777083319
9,10,1,7,traffic light,0.42268006529537944,0.8586574455635989,0.41893839862871296,0.41109585076992566,0.35,0.4932381867416083,0.8441072657128942,0.75,0.9,0.4040463664203315,0.35,0.45
9,10,1,8,traffic sign,0.40634285307235335,0.8322667370985519,0.4026011864056869,0.39885159264867265,0.35,0.4832740370170551,0.8215716583785365,0.75,0.9,0.39104118993113574,0.35,0.45
9,10,1,9,train,0.41084540000000036,0.857103733333334,0.4071037333333339,0.4083139398414412,0.35,0.44,0.8485106240105594,0.75,0.8800000000000001,0.4014745712356085,0.35,0.42
9,10,2,0,person,0.40369641413298973,0.8292274961181962,0.39995474746632326,0.39819627075676706,0.35,0.4804001254243212,0.8207645796027726,0.75,0.9,0.39033942196577226,0.35,0.45
9,10,2,1,rider,0.41538813149623627,0.8571864788025194,0.4116464648295698,0.4111670767790034,0.35,0.45878188947240583,0.8500374527597782,0.75,0.8987818894724059,0.4044252493876959,0.35,0.4387818894724058
9,10,2,2,car,0.3921843115445984,0.8084426448779318,0.3884426448779319,0.3840082937461018,0.35,0.4228521135702804,0.7970080674062393,0.75,0.8628521135702805,0.3764606831912545,0.35,0.4028521135702804
9,10,2,3,bus,0.3839250175916872,0.8001833509250207,0.3801833509250207,0.37680737738002884,0.35,0.41333664021164024,0.7890639693607132,0.75,0.8533366402116402,0.3694388432408877,0.35,0.3933366402116402
9,10,2,4,truck,0.3808290517110271,0.7970873850443607,0.3770873850443606,0.3768961616008705,0.35,0.4,0.7891450900448115,0.75,0.8400000000000001,0.3695998701452614,0.35,0.38
9,10,2,5,bike,0.4183394510965654,0.8540676851106167,0.4145977844298989,0.4112382344544365,0.35,0.49071104812271077,0.8457830103588629,0.75,0.9,0.4042971806188791,0.35,0.45
9,10,2,6,motor,0.4275673405276398,0.8738256738609733,0.4238256738609733,0.41486341347546407,0.35,0.46223374719693666,0.8556152363421502,0.75,0.9,0.40764937191536665,0.35,0.44223374719693664
9,10,2,7,traffic light,0.4181417790926656,0.8520097456100084,0.4144001124259991,0.4104369011134201,0.35,0.4924028688105417,0.8422932049681772,0.75,0.9,0.40323379543541016,0.35,0.45
9,10,2,8,traffic sign,0.40515158509263194,0.8305930227756599,0.40140991842596546,0.3979746340006287,0.35,0.48073185652142486,0.8203394443792607,0.75,0.9,0.38990982280566494,0.35,0.45
9,10,2,9,train,0.41084540000000036,0.857103733333334,0.4071037333333339,0.40809627375995255,0.35,0.44,0.8481925132790741,0.75,0.8800000000000001,0.4011384940296539,0.35,0.42
10,11,0,0,person,0.41047427302663986,0.8404034839128709,0.4097409396933066,0.4058215756946635,0.35,0.49855359275477706,0.8328175368497779,0.75,0.9,0.40129185530472283,0.35,0.45
10,11,0,1,rider,0.4178456122972169,0.8642483984596223,0.4171122789638836,0.414857684912956,0.35,0.456,0.8567924820418357,0.75,0.9,0.41085281873818774,0.35,0.436
10,11,0,2,car,0.39806185411905387,0.8173285207857206,0.39732852078572056,0.39113964955570407,0.35,0.43497936982743735,0.8077147275462884,0.75,0.8799793698274374,0.38696302199680654,0.35,0.4149793698274373
10,11,0,3,bus,0.38747780563864126,0.8067444723053081,0.38674447230530795,0.3825479583477507,0.35,0.4161748580603485,0.7980463759756035,0.75,0.8611748580603485,0.37803482244041997,0.35,0.39617485806034847
10,11,0,4,truck,0.3911869940226537,0.8104536606893205,0.3904536606893204,0.3833211829039757,0.35,0.4229325867222317,0.7987825404004786,0.75,0.8679325867222317,0.3787685138481826,0.35,0.4029325867222317
10,11,0,5,bike,0.4157344768863582,0.8592904425109029,0.41500114355302486,0.4140830271390565,0.35,0.46183711709568637,0.8555572501119012,0.75,0.9,0.41014982396013994,0.35,0.44183711709568635
10,11,0,6,motor,0.4346642404251336,0.8839309070918004,0.43393090709180027,0.4170897760965855,0.35,0.5072815961315311,0.8606592531133166,0.75,0.9,0.41283541446188576,0.35,0.45
10,11,0,7,traffic light,0.42485806730075587,0.8625787669067957,0.42412473396742256,0.41590876038160746,0.35,0.5019635973675614,0.851295503725367,0.75,0.9,0.41174642286420465,0.35,0.45
10,11,0,8,traffic sign,0.405013675194611,0.8288123259487769,0.4042803418612777,0.3983093161694613,0.35,0.46567763099298914,0.8192864397433962,0.75,0.9,0.39385796364786635,0.35,0.4456776309929891
10,11,0,9,train,0.41640480000000013,0.8656714666666669,0.4156714666666669,0.4123232668452197,0.35,0.45,0.855280447362257,0.75,0.8950000000000001,0.40807883662724165,0.35,0.43
10,11,1,0,person,0.4156972833752114,0.8471823056645771,0.41496395004187814,0.4082645108017715,0.35,0.5010887631945375,0.8367776462561433,0.75,0.9,0.40371277435280334,0.35,0.45
10,11,1,1,rider,0.4253243941055649,0.8676257880730868,0.42459106077223163,0.4156063263145273,0.35,0.4904,0.8550481619656166,0.75,0.9,0.4113890421227837,0.35,0.45
10,11,1,2,car,0.3968851715023023,0.8161518381689691,0.39615183816896904,0.3897224934817032,0.35,0.4305642623280008,0.8057815541451002,0.75,0.8755642623280009,0.38540148065311675,0.35,0.4105642623280008
10,11,1,3,bus,0.3872477251281695,0.8065143917948363,0.38651439179483627,0.3812853380560816,0.35,0.41085373018328597,0.7965265694166369,0.75,0.855853730183286,0.3765262452834182,0.35,0.39085373018328595
10,11,1,4,truck,0.392371481772981,0.8116381484396478,0.3916381484396477,0.38404626837290023,0.35,0.4271798900153661,0.799534923583385,0.75,0.8721798900153662,0.37950881488423677,0.35,0.4071798900153661
10,11,1,5,bike,0.4219780926240006,0.8594810473506597,0.4212447592906673,0.41416185714625686,0.35,0.5,0.8497863627760548,0.75,0.9,0.40973269671218754,0.35,0.45
10,11,1,6,motor,0.42575027165576357,0.8740621719307078,0.42501693832243026,0.41793674673787434,0.35,0.4640680257828913,0.8609628288887313,0.75,0.9,0.41359894171279743,0.35,0.4440680257828913
10,11,1,7,traffic light,0.4280376039544407,0.8671607091959603,0.42730427062110743,0.4160385866783182,0.35,0.5015113080396352,0.8516684244931726,0.75,0.9,0.41192830355906335,0.35,0.45
10,11,1,8,traffic sign,0.4127145899947582,0.8418699119385494,0.41198125666142493,0.4053641005424216,0.35,0.49646759471931684,0.8315641719101771,0.75,0.9,0.4007239067177368,0.35,0.45
10,11,1,9,train,0.41640480000000013,0.8656714666666669,0.4156714666666669,0.4124382870733203,0.35,0.45,0.8553728450167566,0.75,0.8950000000000001,0.4081914262997868,0.35,0.43
10,11,2,0,person,0.40925191809412553,0.8377672002118004,0.4085185847607923,0.4046069405601899,0.35,0.4902585439792472,0.8306621800882737,0.75,0.9,0.4000633092355048,0.35,0.45
10,11,2,1,rider,0.42318158661603544,0.8684770659530119,0.4224482532827022,0.41591912226214856,0.35,0.47497678567096013,0.8570390928006894,0.75,0.9,0.41200670520967964,0.35,0.45
10,11,2,2,car,0.3975915666450597,0.8168582333117265,0.3968582333117264,0.39037788323531536,0.35,0.4321626258768194,0.806654019109008,0.75,0.8771626258768195,0.3861418412735038,0.35,0.4121626258768194
10,11,2,3,bus,0.3892752063521713,0.8085418730188381,0.388541873018838,0.3822445029221959,0.35,0.42249893741904143,0.7976071727077373,0.75,0.8674989374190415,0.3776189307213709,0.35,0.4024989374190414
10,11,2,4,truck,0.38649846155386464,0.8057651282205314,0.38576512822053133,0.38298343012350317,0.35,0.4102404506141088,0.7986494019813906,0.75,0.8552404506141088,0.3786413401052812,0.35,0.3902404506141088
10,11,2,5,bike,0.42315453548786125,0.8615294935357113,0.42242120215452794,0.4146130520282403,0.35,0.5,0.850941392665251,0.75,0.9,0.41023125849231906,0.35,0.45
10,11,2,6,motor,0.4330465723501947,0.8823132390168615,0.4323132390168615,0.41799074249853324,0.35,0.47210774641519193,0.861311916731475,0.75,0.9,0.41375807829135747,0.35,0.45
10,11,2,7,traffic light,0.4239615131172854,0.8610401923719114,0.4232281797839521,0.4154293043607636,0.35,0.5022261734434497,0.8503350104090646,0.75,0.9,0.4110567606801663,0.35,0.45
10,11,2,8,traffic sign,0.41064796446988394,0.8391206730836412,0.4099146311365507,0.40427920195114986,0.35,0.4902610929942878,0.8298442212271837,0.75,0.9,0.39960886055702033,0.35,0.45
10,11,2,9,train,0.41640480000000013,0.8656714666666669,0.4156714666666669,0.41242440434514255,0.35,0.45,0.8553905618579783,0.75,0.8950000000000001,0.4081775435716089,0.35,0.43
11,12,0,0,person,0.40222854382723017,0.8276565461516104,0.39732021049389693,0.4225538123273991,0.35,0.5066398358585859,0.8581361617540767,0.75,0.9,0.4274554347269901,0.35,0.45
11,12,0,1,rider,0.41663606763175876,0.8593534997122768,0.4117277342984255,0.43206438422514454,0.35,0.47850662265812716,0.8841704632624298,0.75,0.9,0.4372986593987554,0.35,0.45
11,12,0,2,car,0.39125775148084774,0.8063494181475145,0.3863494181475145,0.40762656865518504,0.35,0.4486725757652816,0.8334028033088393,0.75,0.8986725757652816,0.41237775293097867,0.35,0.42867257576528156
11,12,0,3,bus,0.3779775512888566,0.7930692179555233,0.37306921795552334,0.39982846040285286,0.35,0.41999999999999993,0.8245617951867029,0.75,0.87,0.4044914725556304,0.35,0.3999999999999999
11,12,0,4,truck,0.3833968255723399,0.7984884922390066,0.37848849223900666,0.4005434369836976,0.35,0.4326573112660309,0.8254500328639797,0.75,0.882657311266031,0.4052610281295304,0.35,0.4126573112660309
11,12,0,5,bike,0.40775994016522543,0.8470114200744024,0.4028516068318922,0.4312452732682464,0.35,0.471,0.8823141822727378,0.75,0.9,0.43652882361546835,0.35,0.45
11,12,0,6,motor,0.4273238316029778,0.8724154982696446,0.4224154982696446,0.4334283601148447,0.35,0.4992337201549686,0.8864249456819616,0.75,0.9,0.4387689286912336,0.35,0.45
11,12,0,7,traffic light,0.4171627747035861,0.8508097694743562,0.41225444137025286,0.43184216970093176,0.35,0.511114246812035,0.8749080900103384,0.75,0.9,0.4365518252688882,0.35,0.45
11,12,0,8,traffic sign,0.39704343434106065,0.816774645398989,0.3921351010077274,0.41697003098846513,0.35,0.47440182377012485,0.8481875444084487,0.75,0.9,0.4222718001307812,0.35,0.45
11,12,0,9,train,0.40868940000000015,0.853781066666667,0.4037810666666669,0.43098676045266654,0.35,0.46,0.8837438902569925,0.75,0.9,0.43641037156377743,0.35,0.44
11,12,1,0,person,0.40771720555746227,0.8350040990409109,0.40280887222412903,0.4235105506740698,0.35,0.51,0.8600447712058235,0.75,0.9,0.42807227145329046,0.35,0.45
11,12,1,1,rider,0.41739664747961525,0.8548328938510399,0.412488314146282,0.43210791489914263,0.35,0.5028,0.879574990220883,0.75,0.9,0.4370122906882841,0.35,0.45
11,12,1,2,car,0.3896365521776111,0.8047282188442779,0.3847282188442779,0.4064510192884283,0.35,0.44242562464400326,0.8317397812454184,0.75,0.8924256246440033,0.41105796373287257,0.35,0.42242562464400324
11,12,1,3,bus,0.3806892048932279,0.7957808715598946,0.37578087155989465,0.3998298287497648,0.35,0.4254902150417602,0.8246256527624517,0.75,0.8754902150417603,0.4045550457636535,0.35,0.4054902150417602
11,12,1,4,truck,0.3843605174952187,0.7994521841618855,0.3794521841618855,0.4015214966890451,0.35,0.43618380959400266,0.8264914349013415,0.75,0.8861838095940027,0.406301292695989,0.35,0.41618380959400264
11,12,1,5,bike,0.413829694315735,0.8468601285501217,0.4089213609824018,0.4320688627152325,0.35,0.51,0.8769105661360009,0.75,0.9,0.4370435154930103,0.35,0.45
11,12,1,6,motor,0.41710126827879,0.8604369943298371,0.4121929349454568,0.43325405302786835,0.35,0.4751396049914768,0.8855299898494696,0.75,0.9,0.4386024558056458,0.35,0.45
11,12,1,7,traffic light,0.42030277512030223,0.8553155457357343,0.415394441786969,0.4315620534384354,0.35,0.5107113191130371,0.8746641477112167,0.75,0.9,0.4361566048397252,0.35,0.45
11,12,1,8,traffic sign,0.40485873419028917,0.8299417970636329,0.39995040085695593,0.42348251336952303,0.35,0.5057463413042491,0.8596121230410431,0.75,0.9,0.4286090055607808,0.35,0.45
11,12,1,9,train,0.40868940000000015,0.853781066666667,0.4037810666666669,0.43139516859467214,0.35,0.46,0.8842058683325066,0.75,0.9,0.4368187797057829,0.35,0.44
11,12,2,0,person,0.4013920737236312,0.8256270429784184,0.396483740390298,0.42135484246637517,0.35,0.4996407085169729,0.8560807960059078,0.75,0.9,0.42602912017651223,0.35,0.45
11,12,2,1,rider,0.41381978175783707,0.854252830721084,0.40891144842450383,0.43236491546543476,0.35,0.4812,0.8832961167049107,0.75,0.9,0.4376822331737678,0.35,0.45
11,12,2,2,car,0.39033853009344904,0.8054301967601158,0.3854301967601158,0.4077522738136994,0.35,0.4440915069788904,0.8335282240996277,0.75,0.8940915069788904,0.4125034580894929,0.35,0.42409150697889036
11,12,2,3,bus,0.3810896691075044,0.7961813357741712,0.3761813357741712,0.39948736963409104,0.35,0.4307424114251591,0.8241542740560531,0.75,0.8807424114251592,0.40403484359242414,0.35,0.4107424114251591
11,12,2,4,truck,0.3781387872654073,0.793230453932074,0.37323045393207405,0.3999340458000733,0.35,0.41999999999999993,0.8247217320827982,0.75,0.87,0.40465163694590633,0.35,0.3999999999999999
11,12,2,5,bike,0.41476368742151926,0.8485135116323249,0.409855354088186,0.4323718461647926,0.35,0.51,0.8781093933550713,0.75,0.9,0.437370001546737,0.35,0.45
11,12,2,6,motor,0.41886004454443054,0.8639517112110973,0.4139517112110973,0.4333354148530564,0.35,0.4728530856421566,0.8862772994108465,0.75,0.9,0.43867598342944497,0.35,0.45
11,12,2,7,traffic light,0.4157145932571259,0.8485723993535255,0.41080625992379266,0.43146357084862447,0.35,0.51,0.8744175115647891,0.75,0.9,0.4361653922151922,0.35,0.45
11,12,2,8,traffic sign,0.40313339814395455,0.8274970445475355,0.3982250648106213,0.42342395169294766,0.35,0.5011209301446233,0.8592368752423543,0.75,0.9,0.4289406608980943,0.35,0.45
11,12,2,9,train,0.40868940000000015,0.853781066666667,0.4037810666666669,0.43141298855054294,0.35,0.46,0.8842939449978241,0.75,0.9,0.4368365996616537,0.35,0.44
12,13,0,0,person,0.43295061691028075,0.8747290924443464,0.444158950243614,0.40866954318784515,0.35,0.5105833728841707,0.836593033311147,0.75,0.9,0.40640305130906224,0.35,0.45
12,13,0,1,rider,0.4408172865819597,0.8995297158282578,0.45202561991529294,0.41757678568369166,0.35,0.4666,0.8616822189033799,0.75,0.9,0.41558262602093715,0.35,0.4466
12,13,0,2,car,0.42116244795372837,0.8524799784937651,0.43237078128706163,0.39610556893026333,0.35,0.44891750764629706,0.8147236898259748,0.75,0.8989175076462972,0.3938337140485193,0.35,0.42891750764629705
12,13,0,3,bus,0.4077250119041908,0.838933345237524,0.41893334523752407,0.3858140986697472,0.35,0.41999999999999993,0.8035624195795547,0.75,0.87,0.3835623032885502,0.35,0.3999999999999999
12,13,0,4,truck,0.4149907905029822,0.8461991238363156,0.4261991238363155,0.38737482744236,0.35,0.4400743335917766,0.8053991554599396,0.75,0.8900743335917767,0.38528976254807584,0.35,0.4200743335917766
12,13,0,5,bike,0.435646204743491,0.8901231149589265,0.44685453807682424,0.4181330791791562,0.35,0.47,0.8616592983745633,0.75,0.9,0.4163206139693701,0.35,0.44999999999999996
12,13,0,6,motor,0.44475944087266095,0.9059677742059943,0.4559677742059942,0.4217331301583034,0.35,0.47109589220830667,0.8680105876204404,0.75,0.9,0.4197270192537483,0.35,0.45
12,13,0,7,traffic light,0.447436044959941,0.8973999701477315,0.45864437829327426,0.42112923160684773,0.35,0.5122029012538927,0.8597764723316298,0.75,0.9,0.41914673361103727,0.35,0.45
12,13,0,8,traffic sign,0.4277538171641875,0.8638950010026551,0.43896215049752074,0.4028465779258085,0.35,0.47816575688272106,0.8261625416161459,0.75,0.9,0.4003968853959847,0.35,0.45
12,13,0,9,train,0.4384729999999999,0.8996813333333332,0.44968133333333316,0.41693657271011725,0.35,0.46,0.8616045722117088,0.75,0.9,0.4150023376487269,0.35,0.44
12,13,1,0,person,0.43759388316543624,0.8810326955627318,0.4488022164987695,0.41070026711338664,0.35,0.5103877747189844,0.8399031646073499,0.75,0.9,0.4085101481997462,0.35,0.45
12,13,1,1,rider,0.4463667909442187,0.8998817635969872,0.457575124277552,0.4192317627203334,0.35,0.5008,0.8608610988468556,0.75,0.9,0.41735062717183496,0.35,0.45
12,13,1,2,car,0.41916618742705225,0.8503745207603856,0.4303745207603855,0.39518359885489235,0.35,0.44117535844011346,0.8135968362655023,0.75,0.8911753584401135,0.3931981429705629,0.35,0.42117535844011345
12,13,1,3,bus,0.4084883795227717,0.839696712856105,0.419696712856105,0.3859301394930114,0.35,0.41999999999999993,0.8036978312962938,0.75,0.87,0.3836986822401212,0.35,0.3999999999999999
12,13,1,4,truck,0.41455760741008274,0.845765940743416,0.425765940743416,0.3879701854221191,0.35,0.4377108334001565,0.8060038023317815,0.75,0.8877108334001566,0.38586566038851605,0.35,0.41771083340015647
12,13,1,5,bike,0.4436057282440787,0.8927511241234954,0.45481406157741194,0.41928606704283955,0.35,0.51,0.8578563670600968,0.75,0.9,0.41732787018962275,0.35,0.45
12,13,1,6,motor,0.44289005556723554,0.901706143694603,0.4540983889005688,0.42022168461482834,0.35,0.4708,0.8655719822676592,0.75,0.9,0.41836883978064354,0.35,0.45
12,13,1,7,traffic light,0.4505370268229701,0.9018398695797903,0.46174536015630335,0.4213201421471542,0.35,0.5119074602219376,0.8605788870438658,0.75,0.9,0.4193646831579186,0.35,0.45
12,13,1,8,traffic sign,0.43546307764499975,0.8769206283641151,0.446671410978333,0.40928896636724565,0.35,0.5089647749667426,0.8372935224593722,0.75,0.9,0.4071902879435745,0.35,0.45
12,13,1,9,train,0.4384729999999999,0.8996813333333332,0.44968133333333316,0.41694954980864,0.35,0.46,0.8616270710020699,0.75,0.9,0.41501373054586077,0.35,0.44
12,13,2,0,person,0.4319802705258585,0.8725310428757673,0.4431886038591918,0.4082135782970538,0.35,0.5029994762769163,0.8357638405511693,0.75,0.9,0.40593608795155633,0.35,0.45
12,13,2,1,rider,0.44672561186563176,0.9040088544477024,0.457933945198965,0.41841901266162135,0.35,0.4896687964737293,0.8616882255722271,0.75,0.9,0.4164170857193677,0.35,0.45
12,13,2,2,car,0.41974926073806035,0.8509575940713936,0.4309575940713936,0.39564435789799973,0.35,0.44247816652089295,0.8140696168499718,0.75,0.892478166520893,0.3935926625731341,0.35,0.42247816652089293
12,13,2,3,bus,0.41088346505730494,0.8420917983906382,0.4220917983906382,0.3862591772017598,0.35,0.43089084660785126,0.8040967703227665,0.75,0.8808908466078513,0.3840966540317621,0.35,0.41089084660785125
12,13,2,4,truck,0.41080360473850264,0.8420119380718359,0.4220119380718359,0.38623794757272284,0.35,0.42820652782636104,0.804148482352765,0.75,0.8782065278263611,0.38414836606176056,0.35,0.408206527826361
12,13,2,5,bike,0.4442460537538091,0.8939208883636534,0.45545438708714236,0.4197217262241113,0.35,0.51,0.8588526301288231,0.75,0.9,0.4178132353850619,0.35,0.45
12,13,2,6,motor,0.4450073237082606,0.9059657180767502,0.4562156570415939,0.42047076480257634,0.35,0.468,0.8659636228063635,0.75,0.9,0.4185872056826772,0.35,0.448
12,13,2,7,traffic light,0.4463995190429053,0.8956092022559219,0.4576078523762386,0.4206445613868303,0.35,0.5125873149494553,0.8587829069152964,0.75,0.9,0.4186047363163293,0.35,0.45
12,13,2,8,traffic sign,0.43293972616846427,0.8734594602287562,0.44414805950179753,0.4078021104050276,0.35,0.5010605151553122,0.8349656649362536,0.75,0.9,0.40530431369103365,0.35,0.45
12,13,2,9,train,0.4384729999999999,0.8996813333333332,0.44968133333333316,0.41694102366280666,0.35,0.46,0.8616139311409587,0.75,0.9,0.41500059068474965,0.35,0.44
13,14,0,0,person,0.4113269307693957,0.8416977576909551,0.41115193076939566,0.43466086405075005,0.35,0.5078688512731483,0.8769832860995974,0.75,0.9,0.4456593449535274,0.35,0.45
13,14,0,1,rider,0.42208415806676025,0.8694940757831927,0.4219091580667602,0.4406700068659208,0.35,0.470777460760922,0.8985030541226142,0.75,0.9,0.4518783401992538,0.35,0.45
13,14,0,2,car,0.40068375631142195,0.8208801744869132,0.4005087563114219,0.4195830924105373,0.35,0.4510634172862141,0.8518612897787708,0.75,0.9,0.4306284049105373,0.35,0.43106341728621406
13,14,0,3,bus,0.3864287147274842,0.8062537147274842,0.38625371472748415,0.41146678671117115,0.35,0.41999999999999993,0.8425981624580484,0.75,0.87,0.422437641745893,0.35,0.3999999999999999
13,14,0,4,truck,0.3924932136069248,0.8123182136069248,0.39231821360692476,0.4129592358263723,0.35,0.43385556084233784,0.8440394557367799,0.75,0.883855560842338,0.4240170830485938,0.35,0.4138555608423378
13,14,0,5,bike,0.41601047297452026,0.8594762030591678,0.4158354729745202,0.44151705771213984,0.35,0.47389368522799713,0.8989589341019332,0.75,0.9,0.45265594660102887,0.35,0.45
13,14,0,6,motor,0.41973136036545045,0.8694877790444278,0.4195563603654504,0.4401272598564736,0.35,0.461,0.8989289648836483,0.75,0.9,0.4510554543009179,0.35,0.441
13,14,0,7,traffic light,0.42677232454118624,0.8655674253974213,0.4265973245411862,0.4426610845174393,0.35,0.5123595990195564,0.8907230278181175,0.75,0.9,0.4536209254590245,0.35,0.45
13,14,0,8,traffic sign,0.4067064980222927,0.8316361976200022,0.40653149802229266,0.42820183377004084,0.35,0.4778379109915567,0.8655050507103347,0.75,0.9,0.43904153749207425,0.35,0.45
13,14,0,9,train,0.41743659999999994,0.8672616,0.4172615999999999,0.4398904157240908,0.35,0.46,0.8987839500992226,0.75,0.9,0.45109874905742386,0.35,0.44
13,14,1,0,person,0.41657939372889086,0.848656525246807,0.4164043937288908,0.43631009969874673,0.35,0.5102381769934936,0.8796918827249551,0.75,0.9,0.4473758651194979,0.35,0.45
13,14,1,1,rider,0.42601108614408106,0.8678662841807404,0.425836086144081,0.44215474555304035,0.35,0.5038,0.8948134754089834,0.75,0.9,0.45319519694192906,0.35,0.45
13,14,1,2,car,0.39856173670547357,0.8183867367054736,0.39838673670547353,0.41877745847260467,0.35,0.44296258195944244,0.8506004629457306,0.75,0.8929625819594424,0.4298227709726046,0.35,0.4229625819594424
13,14,1,3,bus,0.3901035144946282,0.8099285144946282,0.3899285144946282,0.4114338285457764,0.35,0.428708878162328,0.8425044149914208,0.75,0.878708878162328,0.4224881905249427,0.35,0.408708878162328
13,14,1,4,truck,0.3929308236362915,0.8127558236362915,0.39275582363629147,0.41335581456297515,0.35,0.4353892666995219,0.8444275207813968,0.75,0.885389266699522,0.42441366178519674,0.35,0.41538926669952186
13,14,1,5,bike,0.4217375433225238,0.8590099547603922,0.42156254332252374,0.4429241930113266,0.35,0.51,0.8924733606658473,0.75,0.9,0.45409106222428935,0.35,0.45
13,14,1,6,motor,0.4217516980835796,0.8682024054000849,0.42157669808357956,0.44150889433759827,0.35,0.47352898189023557,0.8998185284395186,0.75,0.9,0.452449224198709,0.35,0.45
13,14,1,7,traffic light,0.42943326563031925,0.869439470933002,0.4292582656303192,0.4419728627120821,0.35,0.5109536546711544,0.889646812708555,0.75,0.9,0.45291271667450056,0.35,0.45
13,14,1,8,traffic sign,0.4145606255838167,0.8448152457207577,0.41438562558381664,0.43424117619400593,0.35,0.5091715350661375,0.8758349461157046,0.75,0.9,0.4451638426564237,0.35,0.45
13,14,1,9,train,0.41743659999999994,0.8672616,0.4172615999999999,0.4410478996224363,0.35,0.46,0.9001962356996344,0.75,0.9,0.45225623295576906,0.35,0.44
13,14,2,0,person,0.41130916035483917,0.840672499391169,0.41113416035483913,0.43398098497114196,0.35,0.5041131558970977,0.8757879644897808,0.75,0.9,0.4449637876515086,0.35,0.45
13,14,2,1,rider,0.42318663650171406,0.8684387319892344,0.42301163650171403,0.44220366591192134,0.35,0.4824,0.8984607287097554,0.75,0.9,0.4534119992452543,0.35,0.45
13,14,2,2,car,0.39853661053467615,0.8183616105346762,0.3983616105346761,0.4185265622304369,0.35,0.4418530327495284,0.8502578742293859,0.75,0.8918530327495284,0.42948836778599225,0.35,0.4218530327495284
13,14,2,3,bus,0.3894711638357458,0.8092961638357459,0.3892961638357458,0.41128788302857583,0.35,0.42934431152343744,0.8423955813163705,0.75,0.8793443115234375,0.4222617762577421,0.35,0.4093443115234374
13,14,2,4,truck,0.3880144047470089,0.8078394047470089,0.38783940474700884,0.411357930341556,0.35,0.4203126449622713,0.842423778584827,0.75,0.8703126449622713,0.42241577756377774,0.35,0.40031264496227126
13,14,2,5,bike,0.42283743855628786,0.8609168002253705,0.4226624385562878,0.44354139586028735,0.35,0.51,0.8940996687562891,0.75,0.9,0.454687533013065,0.35,0.45
13,14,2,6,motor,0.4241553749260848,0.8725906261303832,0.42398037492608476,0.4414482149570842,0.35,0.4714225881285417,0.9002000390115977,0.75,0.9,0.45238854481819485,0.35,0.45
13,14,2,7,traffic light,0.42517201096150353,0.8630881029868814,0.4249970109615035,0.44243261993474103,0.35,0.5109871636026422,0.8903568423493385,0.75,0.9,0.4533724738971594,0.35,0.45
13,14,2,8,traffic sign,0.4126964990875733,0.8420430089931741,0.41252149908757324,0.433835444617565,0.35,0.5041707257445884,0.8752139309133037,0.75,0.9,0.44467514833959815,0.35,0.45
13,14,2,9,train,0.41743659999999994,0.8672616,0.4172615999999999,0.4410230029325999,0.35,0.46,0.9001925404856962,0.75,0.9,0.45223133626593254,0.35,0.44
